no,genome,hpv_genome,group,group_number,hpv_name,group_genome,Met0913,Met0920,Met0921,Met0936,Met0946,Met0947,Met0992,Met1003,Met1004,Met1020,Met1030,Met1031,Met2822,Met2823,Met2824,Met2825,Met2834,Met2835,Met2836,Met2837,Met2846,Met2847,Met2849,Met2858,Met2859,Met2860,Met2861,Met2870,Met2871,Met2872,Met2873,Met2882,Met2883,Met2885,Met2894,Met2895,Met2897,Met2906,Met2909,Met3132,Met3138,Met3139,Met3142,Met3144,Met3506,Met3507,Met3508,Met3509,Met3510,Met3511,Met3512,Met3513,Met3514,Met3515,Met3516,Met3517,Met3518,Met3519,Met3520,Met4126,Met4127,Met4128,Met4129,Met4130,Met4131,Met4132,Met4133,Met4134,Met4135,Met4136,Met4137,Met4138,Met4139,Met4140,Met4141,Met4142,Met4143,Met4144,Met4145,Met4146,Met4147,Met4148,Met4149,Met4150,Met4151,Met4152,Met4153,Met4154,Met4155,Met4156,Met4157,Met4158,Met4348,Met4349,Met4350,Met4351,Met4352,Met4353,Met4357,Met4358,Met4359,Met4360,Met4361,Met4362,Met4363,Met4364,Met4365,Met4366,Met4367,Met4368,Met4369,Met4370,Met4371,Met4372,Met4373,Met4374,Met4375,Met4376,Met4520,Met4521,Met4522,Met4523,Met4524,Met4525,Met4526,Met4527
1,HPV1,1,mu,1,mupapillomavirus_1,mu_HPV1,0,0,0,0,4.8064,2.4682,0,0,0,0,0,0,0,0,0,0,0,0,0,0,0,0,0,0,0,0,0,0,0,0,0,0,2.3383,0,0,0,0,0,0,0,0,0,0,0,28.5789,0.2598,56.2484,0,0,0,0,2.5981,0,0,0,0,0,0,0,0,0,0,0,0,0,0,0,0,0,0,0,0,0,0,0,0,0,0,0,0,0,0,0,0,0,0,0,0,0,0,0,0,0,0,0,0,0,0,0,0,0,0,0,0,0,0,0,0,0,0,0,0,0,0,0,0,0,0,0,1.299,3.3775,3.1177,0,8.7036,0,0
2,HPV2,2,alpha,4,alphapapillomavirus_4,alpha_HPV2,0,0,0,0,0,0,0,0,0,0,0,0,0,0,0,0,0,0,0,0,0,0,0,0,0,0,0,0,0,0,0,0,0,0,0,0,0,0,0,0,0,0,0,0,0.2579,0,0,0,0,0,0,0,0,0,0,0,0,0,0,0,0,0,0,0,0,0,0,0,0,0,0,0,0,0,0,0,0,0,0,0,0,0,0,0,0,0,0,0,0,1.2895,0,0,0,0,0,0,0,0,0,0,0,0,0,0,0,0,0,0,0,0,0,0,0,0,0,0,0,0,0,0,0,0,0,0,0,0
3,HPV3,3,alpha,2,alphapapillomavirus_2,alpha_HPV3,0,0,0,0,0,0,2.9085,0,0,0,0,0,570.3332,0,0,0,2443.0196,0,0,0,152.3004,0,0,941.5653,0,0,0,146.0867,0,0,0,9.3866,0,31.8614,12.6917,0,0,455.5791,0,0,0,0,0,0,0,0,0,0,0,0,0,0,0,0,0,0,0,0,0,0,0,0,0,0,2.2475,0,0,0,0,0,0,0,0,0,0,0,0,0,0,0,0,4.2306,0,0,0,0,0,0,5.817,37.2819,0,0,0,0,0,0,0,0,0,0,0,0,0,0,0,0,0,0,0,0,0,0,0,0,0,0,0,0,0,0,0,0,0,0,0,0
4,HPV4,4,gamma,1,gammapapillomavirus_1,gamma_HPV4,0,0,0,0,0,0,6.5744,0,0,0,0,0,0,0.2739,0,2980.0027,0,55.6088,0,17111.7655,0,0,97862.0737,0,8.7659,0,379.674,0.6848,0.2739,0,424.7363,2.7394,0.6848,59466.2375,0,0,1950.5547,0,3780.0301,0,0,0,0,0,1.9175,0,4.5199,0,0,0,0,0,0,0,0,0,1.0957,1.0957,2.7394,0,0,0,0,0.2739,2.4654,0,0,0,0,0,0,0,0,0,0,0,0,0,0,0,0,0,0,0,0,2.7394,0,0,0,0,0,0,0,0,0,0,0,0,0,0,0,0,0,0,0,0,0,0,0,0,0,0,0,0,0,0,0,0,0,0,0,0,0,0,0,0
5,HPV5,5,beta,1,betapapillomavirus_1,beta_HPV5,0,0,0,2.1294,0,0,0,0,0,13.3085,0,0,0,4.5249,0,81.581,4.5249,1.597,0,125.366,0,0,962.4701,6.6542,0.9316,0,16.3694,0,0,0,13.1754,0,0,85.4405,0,0,87.703,0,188.1821,0,0,0,0,0,0,0,0,0,0.2662,1.0647,80.3833,14.3732,34.3359,0,0,0,0,0,0,0,0,0,0,0.9316,5.8557,0,0,1.8632,0.6654,0.2662,0,0.2662,0.5323,0,1.0647,0,7054.0325,7.0535,54.9641,2.1294,134.4158,56.9603,10.1145,310.7533,154581.0487,185427.6018,80651.4506,75799.9734,296764.839,257942.7735,624217.5938,590095.4219,0.7985,0.6654,0,0,0,67155.7093,0,0,0,0,0,0,0,0,0,5.4565,0,0,0,0,0,0,0,0,0,0,0,0.5323,1.8632,0.7985,0,0.3993,0,0
6,HPV8,8,beta,1,betapapillomavirus_1,beta_HPV8,1.5823,99.9473,3.692,0,0,0,0.7911,0,0,3.1646,0.5274,0,0,0.2637,0.2637,227.3207,0.5274,0.5274,0,166.1392,0,0,565.6646,0,0,0,137.7901,14.6361,0.2637,0,72.2574,0,0.7911,186.4451,0,0,26609.4409,0,311.8407,0,0,0,0,0,0.5274,0,0,0,0,0.2637,0,0,0,0.2637,0,0,0,0,0,0,0,0,15.2954,0,0,0,0,1.0549,0,0,0,0.5274,0,0,1.0549,0,0,0,0,0,0,0,0,0,174.3143,279.0084,262.1308,176.1603,598.365,187.2363,153.8766,372.8903,0,0,0,0,0,18.0643,0,0,0,0,0,0,0,0,0,0,0,0,0,0,0,0,0,0,0,0,0,0,0,0,0,0.7911,0,0
7,HPV9,9,beta,2,betapapillomavirus_2,beta_HPV9,0,0,0,0.8164,0,0,0,0,0,0,0,0,0.5443,0,0,0,3.2658,0,0,0.9525,0,0,0,10.2055,0,0,0,0,0,0,0,0.2721,0,0,0.4082,0,0,0,0,0,0,0,0,0,0,0,0,0,0,0,0,0,0,0,0,0,0,0,0,0,0,0,0,0,5.7151,0,0,1.6329,1.905,2.1772,0,0.5443,43.6794,0,1.905,0,0,0,0,0,0,0,0,0,0,0,0,0,0,0,0,0,0,0,0,0,0,0,0,0,0,0,0,0,0,0,0,0,0,0,0,0,0,0,0,0,0,0,0,0,0,0,0,0,0,0
8,HPV10,10,alpha,2,alphapapillomavirus_2,alpha_HPV10,0,0,0,0,0,0,0,0,0,0,0,0,0,0,0,0,0,0,0,0,0,0,0,0,0,0,0,0,0,0,0,0,0,0,0,0,0,0,0,0,0,0,0,0,0,0,18.1281,0,0,0,0,2.0571,0,0,0,0,0,0,0,0,0,0,0,0,0,0,0,0,0.2571,0.2571,0,0,0,0,0,0,0,0,0,0,0,0,0,0,0,0,0,0,0,0,0,0,0,0,0,0,0,0,0,0,0,0,0,0,0,0,0,0,0,0,0,0,0,0,0,0,0,0,0,0,0,0,0,0,0,0
9,HPV12,12,beta,1,betapapillomavirus_1,beta_HPV12,0,0,0,0,0,0,0,0,0.5249,0,0,0,3.4116,0.1312,0,0,0.5249,0,0,0,3.6741,0,13.6465,15.3523,0,0,0,147.8809,0,0,0.2624,0,0,2.3619,0,0,3.2804,5.5111,0,0,0,0,0,0.2624,0,0,0,0,0.5249,0.7873,0,0,0.2624,0,0,0,1.1809,0.5249,2.0995,916.4152,933.9982,440.7558,4745.0466,813.5415,69.6759,65.8706,5887.6788,10.7597,16.2708,2.0995,0.5249,0,3.1492,0,10.7597,0,0,0,0,0,0,0,0,0,270.3057,314.9193,194.2002,319.9055,953.6806,523.0285,721.6901,1185.8024,0,60.8844,82.5351,0.5249,0,73.0875,0,0,0,0,0,0,0,0,0,0,0,0,0,0,0,0,0,0,0.2624,0,0,0,0.5249,1.7058,0,0.2624,0,0
10,HPV14,14,beta,1,betapapillomavirus_1,beta_HPV14,0,0,0,0,0,0,0,0,0,0.6628,0,0,0,0,0,0,0,0,0,0,0,0,1201.3521,0,0,0,0,0.7953,0,0,0,0,0,0,0,0,0,0,0,0,0,0,0,0,0,0,0,0,0,0,0,0,0,0,0,0.2651,0,0,0,0,0,0,0,0,2.386,0,0,0,0,0,0,0,0,0,0,0,0.7953,0,0,0,0,0,0,0,639.0509,401.3786,1378.0488,1659.7296,668.3457,328.3404,649.9205,400.4507,0,0,0,0,0,23.7275,0,0,0,0,0,0,0,0,0,0,0,0,0,0,0,0,0,0,0,0,0,0,0,0,0,0,0,0
11,HPV15,15,beta,2,betapapillomavirus_2,beta_HPV15,0.5423,0,0,0,0,0,0,0,0,0,0,0,0.5423,0,0,15.4555,0,0,0,14.3709,0.2711,0,211.3612,4.7451,0.8134,0,703.0911,55.3145,0.4067,0,2.9826,0,0,28.7419,0.1356,0,41.6215,0.2711,23.0477,0,0,0,0,0,0,0,0,0,0,0,0,0,0,0,0,0,0,0,0,0,0,0,1.898,1.0846,42.5705,0,1.2202,0,0,0,0,0,0,0,0,0,0,0,0,0,0,37.4187,0,0,8.1345,4.0672,0,25.4881,25.3525,9.2191,0,15.0488,0,0,0,0,0,0,0,0,0,0,0,0,0,0,0,0,0,0,0,0,0,0,0,0,0,0,0,0,0,0,0,0,0,0
12,HPV17,17,beta,2,betapapillomavirus_2,beta_HPV17,6.5138,3.2569,11.3991,0,0,0,0,0,0,2.1713,0,0,0,0,0,0,0,0,0,0,0,0,16.1487,0,0,0,2.0356,0,0,0,0,0,0,4.6139,0,0,0,0,0,0,0,0,0,0,0,0,0,0,0,0,0,0,0,1.0856,0,0,1.8999,0,4.8853,65.8163,106.9345,19.2699,335.1879,27.5478,11.3991,15.8773,160.6731,0,0,0,0,0,0,0,0,0,0,0,0,0,0,0,0,0,0.1357,2.9855,0,0,1.6284,0.6785,0,0,0,651.5131,797.5302,0,0,0,0,0,0,0,0,0,0,0,0,0,0,0,0,0,0,0,0,0,0,0,0,0,0.8142,0,0,0,0.2714,0
13,HPV19,19,beta,1,betapapillomavirus_1,beta_HPV19,0,0,0,0,0,0,0,0,0,0,0,0,0,0,0,0,0,0,0,0.5292,0,0,0,0,0,0,0,0,0,0,0,0,0,0,0,0,0,0,0,0,0,0,0,0,0,0,0,0,0,0,0,0,0,0.5292,0,0,1.0583,0,0,0,0,0,0,0,0,0,0,0,0,0,0,0,0,0,0,0,0,0,0,0,9.7897,0,0,1.1906,50.8004,71.5703,40.0847,30.8242,202.54,146.5802,154.9147,169.996,0,0,0,0,0,0,0,0,0,0,0,0,0,0,0,0,0,0,0,0,0,0,0,0,0,0,0,0,0,0,0,0,0,0
14,HPV20,20,beta,1,betapapillomavirus_1,beta_HPV20,0,0,0,0,0,0,0,0,0,0,0,0,15.0953,0.3972,0,0,1.0593,0,0,0,1.3242,0,86.5996,15.2278,0,0,0,294.3591,1.589,0,0,1.0593,0,0,0.3972,0,0,46.4778,0,0,0,0,0,0,0,0,0,2.3835,0,2.3835,0,0,0,0.2648,0,0,0,0,0,0,0,0,0,0,3.4428,0,0,9.2691,36.8114,1.4566,0.5297,1.8538,3.178,0.1324,12.7119,0,0,0,0,0,14.3008,101.4301,0.1324,4.2373,163022.3782,450088.321,97283.8983,136330.5085,201746.2924,632139.6981,1386593.22,119272.5106,0,0,0,0,0,13929.4227,0,0,0,0,0,0,0,0,0,0,0,0,0,0,0,0,0,0,0,0,0,0,0,0,0,0,0,0
15,HPV21,21,beta,1,betapapillomavirus_1,beta_HPV21,0,0,0,0,0,0,0,0,0,0,0,0,0,0,0,22.7122,0,0,0,25.8999,0,0,1165.7591,0,0,0,13.5476,0,0,0,3.4533,0,0,40.2444,0,0,24.306,0,63.7535,0,0,0,0,0,0,0,0,0,0,0,0,0,0,0,0,0,172.7985,18.0635,55.6515,0,0,0,0,0,0,0,0,2.2579,2.6564,6.3753,0,0,0,0,0.7969,0,0,0,0,0,0,2.3908,0,0,548.8113,1266.9677,274.8041,473.9009,1241.2007,2439.1021,2881.2591,498.871,0,0,0,0,0,35.3301,0,0,0,0,0,0,0,0,0,0,0,0,0,0,0,0,0,0,0,0,0,0,0,0,0,0,0,0
16,HPV22,22,beta,2,betapapillomavirus_2,beta_HPV22,0,0,0.5429,0,0,0,0,0,0,0,0,0,0,156.0803,864.5494,80.4832,0.2714,198.5613,0,44.2454,0,7.1933,14205.8903,0,16.4224,0,78.7188,0,5.836,0,15.4723,0.2714,1.3572,112.6493,0,0.2714,181.4604,0,117.3996,0,0,0,0,0,0,0,0,0,0,0,0,0,0,0,0,0,0,0.2714,0,3.1216,21.4441,4.886,130.2932,19.0011,5.1574,176976.7915,26.873,18.4582,3.9359,11.6721,2.3073,2.443,21.0369,2.443,29.4517,0,0,0,0,0,0,2.7144,0,0,0,2.7144,0,0,6.2432,0,0,0,2.9859,0,0.5429,0,0,0,0,0,0,0,0,0,0,0,0,0,0,0,0,0,0,0,0,0,0,0,0,0,0,0,0,0,0,0
17,HPV23,23,beta,2,betapapillomavirus_2,beta_HPV23,0,0,0,0,0,0,0.5461,0,0,0,0,0,0,0,11.1961,142.9547,0.5461,6.8269,0,52.0208,0,0,82.1955,0.8192,0,0,3.55,3.823,0,0,15.7018,0,0,78.3725,0,0,11.4691,0.5461,55.2977,0,0,0,0,0,0,0,0,30.1748,0,0,0,0,0,0.5461,0,0.2731,27.7171,3.0038,26.7613,0,0,0,0,0,89.5685,39.1862,0,0,2.4577,0,2.1846,0,0,0,0.2731,0,0,0,0.5461,0,1.6384,18.5691,0,6.6903,0.2731,0,0,0,0,0,0,0,0,0,0,0,0,0,0,0,0,0,0,0,0,0,0,0,0,0,0,0,0,0,0,0,0,0,0,0,0,0,0,0,0,0
18,HPV24,24,beta,1,betapapillomavirus_1,beta_HPV24,0,0,0,0,0,0,0,0,0,0.404,0,0,165.6566,0,0.8081,362.1549,595.0168,0.8081,0,180.3367,73.4007,0,4872.1886,289.9663,0,0,40.2694,3607.4074,0,0,75.8249,4.5791,0.9428,502.8956,265.4545,0,31731.8519,250.101,389.899,0,0,0,0,0,0.2694,0,3.5017,0.8081,0,0.5387,0,0.2694,0,0,0.2694,0.2694,0,0,1.8855,0,1.7508,0,0.1347,2.5589,0.8081,1.4815,1.4815,0,1.6162,0,0,0,0,0,0.1347,0,0,0,0,0,0,0,0,0,15.3535,3.6364,0,71.5152,14.5455,4.7138,3.2323,11.3131,0,0,0,0,0,1.4815,0,0,0,0,0,0,0,0,0,0,0,0,0,0,0,0,0,0,0,0,0,0,1.0774,0,0,0,0,0
19,HPV25,25,beta,1,betapapillomavirus_1,beta_HPV25,0,0,0,0,0,0,0,0,0,0,0,0,0,0,0,0,0,0,0,0,0,0,89.609,0,0,0,0,0,0,0,0,0,0,0,0,0,0,0,0,0,0,0,0,0,0,0,0,0,0,0,0,0,0,0,0,0,0,0,0,0,0,0,0,0,0,0,0,0,0,0,0,0,28.7326,0,0,0,0,0,0,0,0,0,0,0,77.0139,67.83,91.3146,299.3965,139.5959,49.5933,44.2141,59.302,0,0,0,0,0,5.248,0,0,0,0,0,0,0,0,0,0,0,0,0,0,0,0,0,0,0,0,0,0,0,0,0,0,0,0
20,HPV27,27,alpha,4,alphapapillomavirus_4,alpha_HPV27,2.2049,0,0,0,0,0,0.5188,0.7782,0,0,0,0,0,0,0,0,0,0,0,0,0,0,0,0,0,0,0,0,0,0,0,0,0,0,0,0,0,0,0,0,0,0,0,0,0.5188,0,3.6316,0,0,0,1.4267,0,2.0752,0,0,0,0,0,0,0,0,0,0,0,0,0,0,0,17.7691,0,0,0,2.0752,0,0,0,0,0,0,0,0,1.297,0,0,0,0,0,0,0,0,0,0,0,0,0,0,0,0,0,0,0,0,0,0,0,0,0,0,0,0,0,0,0,0,0,0,0,0,0,0.7782,0,0,0.2594,64.8508,0,0
21,HPV28,28,alpha,2,alphapapillomavirus_2,alpha_HPV28,3.2808,1.5142,28.265,0,0,0,0,0,0,0,0,0,0,181.0726,4830.4101,3035.836,24.3533,8571.8612,0,280.5047,0,23.47,388.8959,0,115.4574,0,208.7066,0,185.1104,0,643.2808,0,1.5142,861.1987,0.2524,0.7571,172.4921,0,3020.3155,0,0,0,0,0,0,0,0,0,0,0,0,0,0,0,0,0,0,0,0,0,0,0,0,0,0,0,0,0,0.5047,0,0,0.2524,0,0,0,0,0,0,0,0,0.7571,93.3754,0,2.3975,0,0,0,0,0.2524,0,0,0,15.3943,0,0,0,0,0,0,0,0,0,0,0,0,0,0,0,0,0,0,0,0,0,0,0,0,0,0,0,0,0,0,0.2524,0,0
22,HPV32,32,alpha,1,alphapapillomavirus_1,alpha_HPV32,0,0,0,0,0,0,0,0,0,0,0,0,0,0,0,0,0,0,0,0,0,0,0,0,0,0,0,0,0,0,0,0,0,0,0,0,0,0,0,0,0,0,0,0,0,0,0,0,0,0,0,0,0,0,0,0,0,0,0,0,0,0,0,0,28.879,0,1.5199,0,0,0,0,0,0,0,0,0,0,0,0,0,0,0,0,0,0,0,0,0,0,0,0,0,0,0,0,0,0,0,0,0,0,0,0,0,0,0,0,0,0,0,0,0,0,0,0,0,0,0,0,0,0,0,0,1.0133,0,0
23,HPV36,36,beta,1,betapapillomavirus_1,beta_HPV36,0,0,0,0,0,1.0508,0,0,0,0,0,0,0,0,0,0,0,0,0,0,1.839,0,44.6604,2.8898,0,0,0,52.4104,0,0,0,0,0,0,0,0,0,2.1017,0,0,0,0,0,0,0,0,0,0,0,0,0,0,0,0,0,0,0,0,0,0,0,0,0,0,6.0423,0,0,0.5254,0,0,0,0,0,0,0,0,14.1863,0,0,0,0,0,0,0,809.9304,994.2204,776.1723,701.0377,1854.7222,1128.0704,2103.1131,2674.7668,0,0,0,0,0,215.421,0,0,0,0,0,0,0,0,0,0,0,0,0,0,0,0,0,0,0,0,0,0,0,0,0,0,0,0
24,HPV37,37,beta,2,betapapillomavirus_2,beta_HPV37,0.8151,0,1.3585,0,0,0,0,0,0,0,0,0,0,0,0,135.5794,0,0,0,25.8117,0.5434,0,262.3285,0,0,0,491.1018,4.0755,0,0,2.9887,1.6302,0,90.7485,0.2717,0,31.1099,0,177.4215,0,0,0,0,0,0,0,0,0,0,0,0,0,0,0,0,0,2.9887,0,5.434,0,5.434,0,0,0,0.2717,0,4.4831,0.2717,0,0,0,0,0,0,0,0,0,0,0,0,0,0,0,0,10.8681,56.9216,2.3095,0,7.0643,1.0868,0.951,6.5209,0,0,0,0,0,1.4944,0,0,0,0,0,0,0,0,0,0,0,0,0,0,0,0,0,0,0,0,0,0,0,0,0,0,0,0
25,HPV38,38,beta,2,betapapillomavirus_2,beta_HPV38,0.8148,0,0,0,0,0,0,0,0,0,0,0,1.0864,13.7154,10.5921,739.2721,26.8876,5.1602,0,124.5247,2.1727,0,452.3357,2.1727,3.5307,0,23.0853,81.4775,22.5421,0,52.0098,1.0864,0,456.9527,0,0,96.415,0.9506,409.6958,0,0,0,0,0,0,0,0.2716,0,0,0.2716,0,0,0,0,0,0,25.6654,13.8512,62.6018,355.9207,83.9218,10.5921,166.4856,38.1586,2.9875,55.8121,96.1434,2.4443,8.4193,1.0864,0.8148,0.8148,1.9011,0.8148,3.2591,0,0,3.5307,0,0,0,0.5432,0,0,0,0,0,0,0,0,0,0,0,10.0489,10.0489,0,0,0,0,0,0,0,0,0,0,0,0,0,0,0,0,0,0,0,0,0,0,0,0,0,0,0,0,0,0,0
26,HPV39,39,alpha,7,alphapapillomavirus_7,alpha_HPV39,0,0,0,0,0,0,0,0,0,0,0,0,0,0,0,0,0,0,0,0,0,0,0,0,0,0,0,0,0,0,0,0,0,0,0,0,0,0,0,0,0,0,0,0,0,0,0,0,0,0,0,0,0,0,0,0,0,0,0,0,0,0,0,0,0,0,0,0,0,0,0,0,0,0,0,0,0,0,0,0,0,1.5763,0,0,0,0,0,0,0,0,0,0,0,0,0,0,0,0,0,0,0,0,0,0,0,0,0,0,0,0,0,0,0,0,0,0,0,0,0,0,0,0,0,0,0,0
27,HPV42,42,alpha,1,alphapapillomavirus_1,alpha_HPV42,0,0,0,0,0,0,0,0,0,0,0,0,0,1.8011,4.8887,0,0,5.2747,0,0,0,1.8011,0,0,0.2573,0,0,0,20.8414,0,0,0,0,0,0,0,0,0,0,0,0.2573,0,0,0,0,0,0,0,0,0,0,0,0,0,0,0,0,0,0,0,0,0,0,0,0,0,0,0,0,0,0,0,0,0,0,0,0,0,0,0,0,0,0,0,0,0,0,0,0,0,0,0,0,0,0,0,0,0,0,0,0,0,0,0,0,0,0,0,0,0,0,0,0,0,0,0,0,0,0,0,0,0,0,0,0,0
28,HPV47,47,beta,1,betapapillomavirus_1,beta_HPV47,0,0,0,0,0,0,0,0,0,0,0,0,0,0,0,137.5033,0,1.0557,0,76.1415,1.3196,0,1495.1174,0,0,0,10.293,6.4661,0,0,8.4455,0,0,57.9309,0,0,45.1306,0,60.834,0,0,0,0,0,0,0,0,0,0,0,0,0,0,0,0,0,0,0,0,0,0,0,0,0,7.2579,0,0,4.2228,3.0351,0,0,1.3196,15.4394,0,2.5073,0,0,0,0,0,4.2228,69.4115,0,0,373133.6764,83745.4473,1134712.985,502168.2502,381429.005,110649.7757,139080.1003,194504.3547,0,0,0,0,0,9856.5585,0,0,0,0,0,0,0,0,0,0,0,0,0,0,0,0,0,0,0,0,0,0,0,0,0,0,0,0
29,HPV48,48,gamma,2,gammapapillomavirus_2,gamma_HPV48,0,0,0,0,0,0,0,0,0,0,0,0,0,10.8451,27.8873,0,0,35.0704,0,0,0,34.6479,0,0.4225,68.3099,0,0,18.3099,0,0,0,0,1.6901,0,0,0,0,0,0.7042,0,0,0,0,0,0,0,0,0,0,0,0,0,0,0,0,0,0,0,0,0,0,0,0,0,0.2817,0,0,0,0,0,0,0,0,0,0,0,0,0,0,0,0,0,0,0,7.4648,0,0,0,3.9437,0,0,0,0,0,0,0,0,0,0,0,0,0,0,0,0,0,0,0,0,0,0,0,0,0,0,0,0,0,0,0,0,0,0,0,0,0
30,HPV49,49,beta,3,betapapillomavirus_3,beta_HPV49,0,0,0,0,0,0,0,0,0,0,0,0,43.4725,0,0,262.5683,49.3399,0.8001,0,246.4329,20.136,0,1044.6726,141.8856,0,0,4.2672,10.6681,0,0,8.6678,1.6002,0,112.9484,0.8001,0,83.3444,97.613,276.3035,0,0,0,0,0,0,0,0,0,0,0,0,0,0,0,0,0,0,0,0.5334,0,0,0,0.2667,0,2.8004,0,0,0,3.4671,0,0,0,0,0,0,0,0,0,0,0,0,3.6005,0,0,28457.1276,1890.5187,108400.0533,12843.1791,15844.1125,2646.4862,1683.8245,12039.872,0,0,0,0,0,305.7741,0,0,0,0,0,0,0,0,0,0,0,0,0,0,0,0,0,0,0,0,0,0,0,0,0,0,0,0
31,HPV50,50,gamma,3,gammapapillomavirus_3,gamma_HPV50,0,0,0,0,0,0.8352,0,0,0,0,0,0,0,1.9488,0,0.2784,0.5568,2.6448,0,0,0.8352,0.1392,0,1.8096,0,0,0,19.7661,0.8352,0,0,0.5568,0.1392,0,0,0,0,0.9744,0,0,0,0,0,0,0,0,0,1.1136,0,1.6704,0,0,0,0,0,0,0.8352,0.5568,0,0,0,0,0.2784,0,0.5568,0,0,0,0,0,0,0,0,0,0,0,0,0,0,0,0,0,0,0,0,0,0,0,0,0,0,0,0,0,0,0,0,0,0,0,0,0,0,0,0,0,0,0,0,0,0,0,0,0,0,0,0,0,0,0,0,0,0,0,0,0
32,HPV51,51,alpha,5,alphapapillomavirus_5,alpha_HPV51,0,0,0,0,0,0,0,0,0,0,0,0,0,0,0,0,0,0,0,0,0,0,0,0,0,0,0,0,0,0,0,0,0,0,0,0,0,0,0,0,0,0,0,0,4.4831,0,0,0,0,0,0,0,0,0,0,0,0,0,0,0,0,0,0,0,0,0,0,0,0,0,0,0,0,0,0,0,0,0,0,0,0,0,0,0,0,0.7911,0,0,0,0,0,0,0,0,0,0,0,0,0,0,0,0,0,0,0,0,0,0,0,0,0,0,0,0,0,0,0,0,0,0,0,0,0,0,0,0
33,HPV57,57,alpha,4,alphapapillomavirus_4,alpha_HPV57,0,0,0,0,0,0.5209,0,0,0,0,0,0,0,0,0,0,0,0,0,0,0,0,0,0,0,0,0,0,0,0,0,0,1.0418,0,0,0,0,0,0,0,0,0,0,0,0.2605,0,0.5209,0,0,0,0,0.2605,0,0,0,0,0,0,0,0,0,0,0,0,0,0,0,0,0,0,0,0,0,0,0,0,0,0,0,0,0,0,0,0,0,0,0,0,0,0,0,0,0,0,0,0,0,0,0,0,0,0,0,0,0,0,0,0,0,0,0,0,0,0,0,0,0,0,0,0,0,0,0,0,0,0
34,HPV60,60,gamma,4,gammapapillomavirus_4,gamma_HPV60,0,0,0,0,0,0,0,0,0,0,0,0,0,0,0,0,0,0,0,0,0,0,0,0,0,0,0,0,0,0,0,0,0,0,0,0,0,0,0,0,0,0,0,0,0,0,0,0,0,0,0,0,0,0,0,0,0,0,0,0,0,0,0,0,0.5516,0,0,0,0,0,0,0,0,0,0,0,0,0,0,0,0,0,0,0,0,0,0,0,0,0,0,0,0,0,0,0,0,0,0,0,0,0,0,0,0,0,0,0,0,0,0,0,0,0,0,0,0,0,0,0,0,0,0,0,0,0
35,HPV62,62,alpha,3,alphapapillomavirus_3,alpha_HPV62,0,0,0,0,0,0,0,0,0,0,0,0,0,0,0,0,0,0,0,0,0,0,0,0,0,0,0,0,0,0,0,0,0,0,0,0,0,0,0,0,0,0,0,0,0.253,0,0.253,0,0,0,0,0,0,0,0,0,0,0,0,0,0,0,0,0,0,0,0,0,0,0,0,0,0,0,0,0,0,0,0,0,0,0,0,0,0,0,0,0,0,0,0,0,0,0,0,0,0,0,0,0,0,0,0,0,0,0,0,0,0,0,0,0,0,0,0,0,0,0,0,0,0,0,0,0,0,0
36,HPV63,63,mu,2,mupapillomavirus_2,mu_HPV63,0,0,0,0,0,0,0,0,0,0,0,0,0,0,0,95.8678,0,0,0,85.124,0,0,44.9036,0,0,0,4.9587,0,0,0,5647.5207,0,7.1625,4581.5427,0,0,1.9284,0,61.157,0,0,0,0,0,0,0,0,0,0,0,0,0,0,0,0,0,0,0,0,0,0,0,0,0,0,0,0,0,0,0,0,0,0,0,0,0,0,0,0,0,0,0,0,0,0,0,0,0,0.551,0.551,0,0,0,0,0,0,0,0,0,0,0,0,0,0,0,0,0,0,0,0,0,0,0,0,0,0,0,0,0,0,0,0,0,0,0,0
37,HPV65,65,gamma,1,gammapapillomavirus_1,gamma_HPV65,0,0.5521,1.1042,0,0,0,0,0,0,0,0,0,0,0,0.2761,0,0,0,0,0,0,0,0,0,0,0,0,1.1042,0,0,0,1.3803,2.7605,0,0,0,0,0,0,0,0,0,0,0,0,0,0,0,0,0.5521,0,0,0,0,0,0,0,0,0,0,0,0,0,0,0,0,0,0,0,0,0,0,0,0,0,0,0,0,0,0,0,0,0,0,0,0,0,0,0,0,0,0,0,0,0,0,0,0,0,0,0,0,0,0,0,0,0,0,0,0,0,0,0,0,0,0,0,0,0,0,0,0,0,0,0,0
38,HPV66,66,alpha,7,alphapapillomavirus_7,alpha_HPV66,0,0,0,0,0,0,0,0,0,0,0,0,0,0,0,0,0,0,0,0,0,0.5262,0,0,0,0,0,0,0,0,0,0,0,0,0,0,0,0,0,0,0,0,0,0,0,0,0,0,0,0,0,0,0,0,0,0,0,0,0,0,0,0,0,0,0,0,0,0,0,0,0,0,0,0,0,0,0,0,0,0,0,0,0,0,0,0,0,0,0,0,0,0,0,0,0,0,0,0,0,0,0,0,0,0,0,0,0,0,0,0,0,0,0,0,0,0,0,0,0,0,0,0,0,0,0,0
39,HPV67,67,alpha,9,alphapapillomavirus_9,alpha_HPV67,0,0,0,0,0,0,0,0,0,0,0,0,0,0.5231,0.5231,0,0,0.5231,0,0,0,57.4081,0,0,0,0,0,0,4.1846,0,0,0,0,0,0,0,0,0,0,0,0,0,0,0,0,0,0,0,0,0,0,0,0,0,0,0,0,0,0,0,0,0,0,0,0,0,0,0,0,0,0,0,0,0,0,0,0,0,0,0,0,0,0,0,0,0,0,0,0,0,0,0,0,0,0,0,0,0,0,0,0,0,0,0,0,0,0,0,0,0,0,0,0,0,0,0,0,0,0,0,0,0,0,0,0,0
40,HPV68,68,alpha,7,alphapapillomavirus_7,alpha_HPV68,0,0,0,0,0,0,0,0,0,0,0,0,0,0,0,0,0,0,0,0,0,0,0,0,0,0,0,0,0.2647,0,0,0,0,0,0,0,0,0,0,0,0,0,0,0,0,0,0,0,0,0,0,0,0,0,0,0,0,0,0,0,0,0,0,0,0,0,0,0,0,0,0,0,0,0,0,0,0,0,0,0,0,0,0,0,0,0,0,0,0,0,0,0,0,0,0,0,0,0,0,0,0,0,0,0,0,0,0,0,0,0,0,0,0,0,0,0,0,0,0,0,0,0,0,0,0,0
41,HPV70,70,alpha,7,alphapapillomavirus_7,alpha_HPV70,0,0,0,0,0,0,0,0,0,0,0,0,0,0,0,0,0,0,0,0,0,0,0,0,0,0,0,0,0.5223,0,0,0,0,0,0,0,0,0,0,0,0,0,0,0,0,0,0,0,0,0,0,0,0,0,0,0,0,0,0,0,0,0,0,0,0,0,0,0,0,0,0,0,0,0,0,0,0,0,0,0,0,0,0,0,0,0,0,0,0,0,0,0,0,0,0,0,0,0,0,0,0,0,0,0,0,0,0,0,0,0,0,0,0,0,0,0,0,0,0,0,0,0,0,0,0,0
42,HPV75,75,beta,3,betapapillomavirus_3,beta_HPV75,0,0,0,0,8.8591,0,0,0,0,0,0,0,0,132.8859,181.8792,22.8188,0,102.953,0,0,0,13.4228,172.4832,0,34705.3691,0,0,0,29.1275,0,0,0,1.6107,34.2282,0,1.0738,0,0,14.094,0,0,0,0,0,0,0,0,0,0,0,0,0,0,0,0,0,0,0,0,0,0,0,0,0,0,0,2.1477,0,0,0,0,0,59.5973,0,0,0,0,0,0,0,0,0,0,0,222.1477,0,733.1544,99.1946,252.0805,28.9933,0,135.302,0,0,0,0,0,0,0,0,0,0,0,0,0,0,0,0,0,0,0,0,0,0,0,0,0,0,0,0,0,0,0,0,0,0
43,HPV76,76,beta,3,betapapillomavirus_3,beta_HPV76,0,0,0,45.9817,0.8091,48.274,0.5394,0,0,1.2136,0,0,0,0,0,318.9051,0,0,0,108.8188,0,0,2228.6947,0,103.1553,0,76.4563,2.1575,0,0,21.8447,0,0,500.5394,0,0,14.1586,0,267.6645,0,0,0,0,0,1.6181,0,0.5394,0.2697,0,0,0,0,0,0,0,0,0,0,0,0,0,0,0,0,0,0,0,0,0,0,0,0,0,0,0,0,0,0,0,0,0,0.8091,0,0,215.7497,14.698,563.1068,94.6602,238.808,30.6095,0,120.4153,0,0,0,0,0,0,0,0,0,0,0,0,0,0,0,0,0,0,0,0,0,0,0,0,0,0,0,0,0,0,0,0,0,0
44,HPV78,78,alpha,2,alphapapillomavirus_2,alpha_HPV78,0,0,0,0,0,0,0,0,0,0,0,0,0,0,7.0995,6.1959,0,10.0684,0,1.1617,0,0.2582,0,0,0,0,0.5163,0,0,0,0.5163,0,0,1.8072,0,0,0,0,5.1633,0,0,0,0,0,0,0,0,0,0,0,0,0,0,0,0,0,0,0,0,0,0,0,0,0,0,0,0,3.098,2.8398,7.0995,0,1.1617,1.2908,0,4.3888,0,0,0,0,0,0,3.3561,0,0,0,0,0,0.5163,0,0,0,0,0,0,0,0,0,0,0,0,0,0,0,0,0,0,0,0,0,0,0,0,0,0,0,0,0,0,0,0,0,0,0,0,0,0
45,HPV80,80,beta,2,betapapillomavirus_2,beta_HPV80,0.2712,0,0,0,0,0,0,0,0,0,0,0,0,30.6441,23.322,56.2712,0,14.2373,0,33.0847,0,1.3559,444.6102,0,8.4068,0,57716.0678,0,2.9831,0,10.7119,0,0,198.3729,0,0,69.0169,0,87.7288,0,0,0,0,0,0,0,0,0,0,0,0,0,0,0.2712,0,0,0,0,0,0,0,0,1.3559,0,0,0,1.0847,0,1.6271,0,0,0,0,0,0,0,0,0,0,0,0,0,0,0,9.3559,1.4915,14.3729,29.2881,0,2.1695,0,6.6441,0,0.2712,0.4068,0,0,0,0,0,0,0,0,0,0,0,0,0,0,0,0,0,0,0,0,0,0,0,0,0,0,0,0,0,0,0
46,HPV84,84,alpha,3,alphapapillomavirus_3,alpha_HPV84,0,0,0,0,0,0,0,0,0,0,0,0,0,0,0,0,0,0,0,0,0,0,0,0,0,0,0,0,0,0,0,0.5068,0,0,0,0,0,0,0,0,0,0,0,0,0,0,0,0,0,0,0,0,0,0,0,0,0,0,0,0,0,0,0,0,0,0,0,0,0,0,0,0,0,0,0,0,0,0,0,0,0,0,0,0,0,0,0,0,0,0,0,0,0,0,0,0,0,0,0,0,0,0,0,0,0,0,0,0,0,0,0,0,0,0,0,0,0,0,0,0,0,0,0,0,0,0
47,HPV87,87,alpha,3,alphapapillomavirus_3,alpha_HPV87,0,0,0,0,0,0,0,0,0,0,0,0,0,0,0,0,0,0,0,0,0,0,0,0,0,0,0,0,0,0,0.252,0,0,0,0,0,0,0,0,0,0,0,0,0,0,0,0,0,0,0,0,0,0,0,0,0,0,0,0,0,0,0,0,0,0,0,0,0,0,0,0,0,0,0,0,0,0,0,0,0,0,0,0,0,0,0,0,0,0,0,0,0,0,0,0,0,0,0,0,0,0,0,0,0,0,0,0,0,0,0,0,0,0,0,0,0,0,0,0,0,0,0,0,0,0,0
48,HPV89,89,alpha,3,alphapapillomavirus_3,alpha_HPV89,0,0,0,0,0,0,0,0,0,0,0,0,0,0,0,0,0,0,0,0,0,0,0,0,0,0,0,1.2508,0,0,0,0,0,0,0,0,0,0,0,0,0,0,0,0,0,0,0,0,0,0,0,0,0,0,0,0,0,0,0,0,0,0,0,0,0,0,0,0,0,0,0,0,0,0,0,0,0,0,0,0,0,0,0,0,0,0,0,0,0,0,0,0,0,0,0,0,0,0,0,0,0,0,0,0,0,0,0,0,0,0,0,0,0,0,0,0,0,0,0,0,0,0,0,0,0,0
49,HPV90,90,alpha,14,alphapapillomavirus_14,alpha_HPV90,0,0,0,0,0,0,0,0,0,0,0,0,0,5.5297,2.6392,0,0,2.0108,0,0,0,16.8405,0,0,1.0054,0,0,0,4.9013,0,0,0,0,0,0,0,0.2514,0,0,0,0,0,0,0,0,0,0,0,0,0,0,0,0,0,0,0,0,0,0,0,0,0,0,0,0,0,0,0,0,0,0,0,0,0,0,0,0,0,0,0,0,0,0,0,0,0,0,0,0,0.2514,0,0,0,0,0,0,0,0,0,0,0,0,0,0,0,0,0,0,0,0,0,0,0,0,0,0,0,0,0,0,0,0,0,0,0,0
50,HPV92,92,beta,4,betapapillomavirus_4,beta_HPV92,0,0,0,0,0,0,0,0,0,0,0,0,0,0,0,0,0,0,0,0,0,27.2128,14.5684,0,0,0,0,2.199,0,0,0,0,0,0,0,0,0,0,0,0,0,0,0,0,0,0,0,0,0,0,0,0,0,0.2749,0,0,160.1154,5.7724,36.696,0,0,0,0,0,0,0,0,0,0,0,0,0,0,0,6.8719,0,0,0,0,0,0,0,0,0,0,0,0,0,0,0,0,0,0,0,0,0,0,0,0,0,0,0,0,0,0,0,0,0,0,0,0,0,0,0,0,0,0,0,0,0,0,1.0995,0,0,0,0
51,HPV93,93,beta,1,betapapillomavirus_1,beta_HPV93,0,0,0,0,0,0,0,0,0,0,0,0,1.0793,0,0,0,0.4047,0,0,0,0,0,77.3071,2.6983,0,0,0,60.1727,0,0,0,0,0,0,0,0,0,0.8095,0.4047,0,0,0,0,0,0,0,0,0,0,0,0,0,0,0,0,0,0,0,0,0,0,0,0,0,0.8095,0,0,0,0,0,0,0,0,0,0,0,0,0,0,0,0,0,0,0,41.6892,18.2137,23.2056,133.7021,79.4657,16.4598,9.9838,42.3637,0,0,0,0,0,0,0,0,0,0,0,0,0,0,0,0,0,0,0,0,0,0,0,0,0,0,0,0,0,0,0,0,0,0
52,HPV94,94,alpha,2,alphapapillomavirus_2,alpha_HPV94,0,0,0,0,0,0,0,0,0,0,0,0,0,0,0,0,0,0,0,0,0,0,0,1.311,0,0,0,0,0,0,0,0,0,0,0,0,0,0.6555,0,0,0,0,0,0,0,0,0,0,0,0,0,0,0,0,0,0,0,0,0,0,0,0,0,0,0,0,0,0,0,0,0,0,0,0,0,0,0,0,0,0,0,0,0,0,0,0,0,0,0,0,0,0,0,0,0,0,0,0,0,0,0,0,0,0,0,0,0,0,0,0,0,0,0,0,0,0,0,0,0,0,0,0,0,0,0,0
53,HPV95,95,gamma,1,gammapapillomavirus_1,gamma_HPV95,0,0,0,0,0,0,0,0,0,0,0,0,0,0,0,0,0,0,0,0,0,0,0.2759,0,0,0,0,4.8283,0,0,0,0,0,0,0,0,0,0,0,0,0,0,0,0,0,0,0,0,0,0,0,0,0,0,0,0,0,0,0,0,0,0,0,0,0,0,0,0,0,0,0,0,0,0,0,0,0,0,0,0,0,0,0,0,0,0,0,0,0,0,0,0,0,0,0,0,0,0,0,0,0,0,0,0,0,0,0,0,0,0,0,0,0,0,0,0,0,0,0,0,0,0,0,0,0,0
54,HPV96,96,beta,5,betapapillomavirus_5,beta_HPV96,0,0,0,0,0,0,0,0,0,0,0,0,0,496.2049,214.4213,0,0,129.3033,0,0,1.3554,127936.7037,12.1984,0,130.9298,0,0,8.1323,297.3706,0,0,0,2.9818,1.2198,0,1.0843,0,0.5422,0,0,0,0,0,0,0,0,0.5422,0,0,0,0,0,0,0,0,0,1.762,1.4909,4.4728,0,0,0,0,0,0.5422,0,0,0,0,0,0,0,0,0,0,0,0,0,0,0,0,0,0,0,0,1.3554,0,26.4299,3.7951,0,0,0,2.4397,0,0,0,0,0,0,0,0,0,0,0,0,0,0,0,0,0,0,0,0,0,0,0,0,0,0,0,0,0,0,0,0,0
55,HPV98,98,beta,1,betapapillomavirus_1,beta_HPV98,0,0,0,1.8962,4.6052,5.147,1.0836,0,0.8127,0,0,0,227.5498,0,0,179.4663,739.1304,0,0,185.2905,79.7779,0,1924.9628,2638.4938,0,0,59.5964,117.0256,0,0,38.1959,6.9078,0,173.3713,2.1671,0,357.5782,175.9447,706.0815,0,0,0,0,0,0,0,0,2.1671,0,0,0,0,0,0.2709,0,0,0,0.8127,2.1671,166.4635,765.1361,74.2246,960.1788,4167.818,65.4206,570.7707,845.7267,0.5418,1.3545,0,0,0,0,0,3.3862,0,0,0,0,0,0,0,0,0,194.9072,59.3255,26.412,1276.0396,282.1346,89.53,73.2764,187.5931,0,4.0634,9.7521,0,0,10.7003,0,0,0,0,0,0,0,0,0,0,0,0,0,0,0,0,0,0,0,0,0,0,0,0,0,0,0,0
56,HPV99,99,beta,1,betapapillomavirus_1,beta_HPV99,0,0,0,0,0,0,0,0,0,0,0,0,0,0,0,0,0,0,0,0,0,0,845.2101,0,0,0,0,0,0,0,0,0,0,0,0,0,48.5513,0,0,0,0,0,0,0,0,0,0,0,0,0,0,0,0,0,0,0,0,0,0,0,0,0,36.4135,0,0,0,0,0,0,0,0,0,0,0,0,0,0,0,0,0,0,0,0,0,313.1036,294.0486,203.7327,1919.2117,359.9582,120.4646,178.1519,306.1864,0,0,0,0,0,30.8014,0,0,0,0,0,0,0,0,0,0,0,0,0,0,0,0,0,0,0,0,0,0,0,0,0,0,0,0
57,HPV100,100,beta,2,betapapillomavirus_2,beta_HPV100,121.9512,0,2.168,0,0,0,0,0,0,0,0,0,2.3035,0.271,2.0325,22.3577,4.607,1.626,0,64.2276,6.0976,0.1355,1055.8266,15.3117,0.4065,0,10.8401,159.8916,0,0,13.5501,0,0,90.2439,0,0,16.6667,4.878,106.7751,0,0,0,0,0,0,0,0,0,0,0,0,0,0,2.71,0,0,10.8401,5.4201,26.0163,0,0,0,0,0,0,2.168,0,0,0,0,0,0,0,0,0,0,0,0,0,0,1.355,16.2602,0,2.439,0,0,0,0,0,0,0,0,0,0,0,0,0,0,0,0,0,0,0,0,0,0,0,0,0,0,0,0,0,0,0,0,0,0,0,0,0,0,0,0,0,0
58,HPV104,104,beta,2,betapapillomavirus_2,beta_HPV104,0,0,0,0,0,0,0,0,0,0,0,0,0,14394.4142,4805.7221,0,0,104.0872,0,0,0,634.8774,1.0899,0,2153.6785,0,0,1.9074,3742.7793,0,0,3.2698,5.1771,0,0,0,0,0,0,0,0,0,0,0,0,0,0,0,0,0,0,0,0,0,0,0,0,0,0,0,1.0899,0,0,1.0899,1.6349,0,0,0,1.6349,0,0,0,0,0,0,0,0,0,0,0,0,2.1798,0,0,3980.3815,49.3188,867.7112,401.6349,801.6349,46.1853,0,680.9264,0,0,0,0,0,6.4033,0,0,0,0,0,0,0,0,0,0,0,0,0,0,0,0,0,0,0,0,0,0,0,0,0,0,0,0
59,HPV105,105,beta,1,betapapillomavirus_1,beta_HPV105,0,0,0,0.2646,0,0,0,0,0,0,0,0,0,0,0,0,0,0,0,0,0,0,16.6667,0,0,0,0,0,0,0,0,0,0,0,0,0,6.4815,0,0,0,0,0,0,0,0,0,0,0,0,0,0,0,0,0,0,0,0,0,0,148.8095,43.6508,23.6772,12043.3862,27.381,4.8942,29.4974,170.7672,2.2487,1.3228,2.2487,0,0,0,0.3968,1.3228,0,0,4.1005,0,1.3228,0,8.2011,0.5291,1.3228,26669.8413,59044.5767,300729.7619,121159.7884,20600.3968,9238.4921,12571.6931,20098.8095,0,1.8519,2.1164,0,0,31291.5344,0,0,0,0,0,0,0,0,0,0,0,0,0,0,0,0,0,0,0,0,0,0,0,0,0,0,0,0
60,HPV107,107,beta,2,betapapillomavirus_2,beta_HPV107,0,0,0,0,0,0,0,0,0,0,0,0,1.067,0,0,283.1422,14.4038,1.4671,0,673.913,28.2742,0.6668,7152.1739,67.4847,0,0,281.6751,115.4975,0.4001,0,32.4086,1.8672,0,1111.7631,0,0,382.2353,2.534,241.3977,0,0,0,0,0,0,0,0,0,0,0,0,0,0,0,0,0,1.6004,0,0,0,2.9341,0,3.7343,0,3.7343,0,3.4676,23.7397,38.2769,209.7893,4.1344,27.6074,5.068,3.7343,14.4038,0,0,0,0,0,0,0,0,0,939.8506,571.0856,206.9885,102.5607,335.156,26.1403,34.2758,364.6306,0,0,0,0,0,20.0053,0,0,0,0,0,0,0,0,0,0,0,0,0,0,0,0,0.5335,0,0,0,0,0,0,0,0,0,0,0
61,HPV109,109,gamma,7,gammapapillomavirus_7,gamma_HPV109,0,0,0,0,0,0,0,0,0,0,0,0,0,0,0,0.5497,0,0,0,0.8245,0,0,1.0994,0,0,0,0.2748,0,0,0,0,0,0,0,0,0,0.2748,0,0.9619,0,0,0,0,0,0,0,0,22.8116,0,43.5619,0,0,0,0,0,0,0,0,0,0,0,0,0,0,0,0,0,0,0,0,0,0,0,0,0,0,0,0,0,0,0,0,0,0,0,0.5497,0,0,1.0994,0,0,0,0,0,0,0,0,0,0,0,0,0,0,0,0,0,0,0,0,0,0,0,0,0,0,0,0,0,0,0,0,0,0,0,0,0
62,HPV110,110,beta,2,betapapillomavirus_2,beta_HPV110,0,0,0,0,0,0,0,0,0,0,0,0,0,0,0,107.9391,0,0,0,10.4676,0,0,109.1626,4.0783,0,0,1.7673,1.3594,0,0,6.7972,0,0,25.9652,0,0,14.41,0,16.5851,0,0,0,0,0,0,0,0,0.2719,0.8157,6.3893,0,0,0,0,0,0,7.6128,159.5976,9.2442,0,0,0,0,0,0,0,0,0,0,0,0,0,0,0,0.2719,0,0,0,0,0,0,0,0,0,2.0392,4.3502,0,19.5759,0,2.9908,0,134.3121,0,0,0,0,0,0,0,0,0,0,0,0,0,0,0,0,0,0,0,0,0,0,0,0,0,0,0,0,0.5438,0,0.2719,0,0,0
63,HPV111,111,gamma,10,gammapapillomavirus_10,gamma_HPV111,0,0,0,0,0,0,0,0,0,0,0,0,32.946,106.6302,136.8421,0,171.9754,80.6562,0,0,0,4.1012,0,1883.3903,25.4272,0,0,39.6446,9.296,0,0,0,0,0,0,19.2755,0,0,0,0,0,0,0,0,0,0,2.1873,0,0,0,0,0,0,0,0,0,0,0,0,0,3.5543,0,5.0581,0,0,0,5.7416,1.3671,8.6124,0.8202,0,0,0,0,1.3671,0,0,0,0,0,0,3.8278,0,0,0,0,0,142.7204,18.4552,16.6781,0,0,2.1873,0,0.2734,0,0,0,0,0,0,0,0,0,0,0,0,0,0,0,0,0,0,0,0,0,0,0,0,0,0,0,0,0,0,0
64,HPV112,112,gamma,8,gammapapillomavirus_8,gamma_HPV112,0,0,0,0,0,0,0,0,0,0,0,0,118.7215,0,0,0,1389.2348,0,0,0,31.6867,0,0,246.9905,0,0,0,40.9575,0,0,0,3.5976,0,0,646.8798,0,0,92.5695,0,0,0,0,0,0,0,0,0.2767,0,0,0,0,0,0,0,0,0,0,0,0,435.0353,2728.7948,156.9116,2000.5535,325.3079,135.3259,46.4923,1531.3408,0.5535,0,0,0,0,1.3837,0,0,0,0,0,0,0,0,0,0,0,0,0,0,0,0,0,0,0,0,997.9244,1134.2189,0,0,0,0,0,0,0,0,0,0,0,0,0,0,0,0,0,0,0,0,0,0,0,0,0,0,0,0,0,0,0
65,HPV113,113,beta,2,betapapillomavirus_2,beta_HPV113,0,0,0,0,0,0,0,0,0,0,0,0,77.3315,0,0,0,407.0796,0,0,0,8.5773,0,0,1167.8693,0,0,0,43.4309,0,0,0,0,0,0,5.4459,0,0,40.2995,0,0,0,0,0,0,0,0,0,0,0,0,0,0,0,0.8169,0.2723,0,0,0,0,87.2703,83.8666,23.2811,643.0225,38.6658,19.8775,11.5725,83.1858,0,0,0,0,0,0,0,0,0,0,0,0,0,1.0892,0,0,0,458.2709,904.2886,245.7454,28634.1729,505.1055,2136.2832,2159.9728,1039.3465,0,0,1.0892,0,0,36.3513,0,0,0,0,0,0,0,0,0,0,0,0,0,0,0,0,0,0,0,0,0,0,0,0,0,0,0,0
66,HPV115,115,beta,3,betapapillomavirus_3,beta_HPV115,0,0,0,0,0,0.8154,0.5436,0,0,0.4077,0,0,0,0,0,125.034,0.5436,0.8154,0,153.3025,1.6309,0,10126.6649,0,0,0,62.3811,6.2517,0,0,108.4534,0.5436,0,565.9147,0,0,509.6494,0,177.6298,0,0,0,0,0,0,0,0,0,0,0,0,0,0,0.8154,0,0,0,0,0,54.2267,125.1699,164.0391,333.7864,16.037,24.1914,3.8054,80.0489,0,0,0,0,0,0,0,0,0,0,0,0,0,0,0.8154,0,0,68.361,259.3096,61.2938,25.5504,65.371,50.6931,65.371,40.9079,0,0.8154,0.8154,0,0,6.7953,0,0,0,0,0,0,0,0,0,0,0,0,0,0,0,0,0,0,0,0,0,0.2718,0,0,0,2.1745,0,0
67,HPV116,116,gamma,9,gammapapillomavirus_9,gamma_HPV116,0,0,0,0,0,0,0,0,0,0,0,0,0,0,0,0,0,0,0,0,0,0,0,0,0,0,0,0,0,0,0,0,2.3664,0,0,0,0,0,0,0,0,0,0,0,0,0,0,0,0,0,0,0,0,0,0,0,0,0,0,0,0,0,0,0,0.2784,0,0,0,0,0,0,0,0,0,0,0,0,0,0,0,0,0,0,0,0,0,0,0,0,0,0,0,0,0,0,0,0,0,0,0,0,0,0,0,0,0,0,0,0,0,0,0,0,0,0,0,0,0,0,0,0,0,0,0,0,0
68,HPV118,118,beta,1,betapapillomavirus_1,beta_HPV118,0,0,0,0,0.4007,0,0,4.809,0,0,0,0,5.2097,0.5343,0.8015,91.5041,3.6067,2.4045,0,46.4868,4.0075,23.377,236603.7937,29.7889,2.1373,0,51.1622,10.2859,79.7489,0,10.8202,0.5343,0,229.6286,0,0.2672,26.9837,4.1411,113.946,0,0,0,0,5.4769,0.8015,0,0,0,0,0,0,0,0,0,0,0,0.9351,0,1.7366,0,1.0687,0,0,0,0,0,0,0,0.8015,0,0,0,0,0,0,0,0,2.8052,1.603,0,71.8675,9.8851,0.8015,5.8776,94568.2608,29613.2781,10973.1499,873937.7505,41761.8221,22427.0639,49448.4371,53550.895,0,0,0,0,0,6543.1472,0,0,0,0,0,0,0,0,0,0,0,0,0,0,0,0,0,0,0,0,0,0,0,0,0,0,0,0
69,HPV119,119,gamma,8,gammapapillomavirus_8,gamma_HPV119,0,0,0,0,0,0,0,0,0,0,0,0,0,0,0,230.1751,0.9654,0,0,11.3088,0,0,52.8203,0,0,0,6.0681,0,0,0,8.5505,0,0,179.1477,2.0687,0,14.4808,0.4137,21.1005,0,0,0,0,0,0,0,0,0,0,0,0,0,0,0,0,0,0.8275,0.5516,0,0.8275,12.4121,0,0,1.1033,97.3659,0,5.6544,0.8275,5.7923,0,0,0,4.5511,0,0,0,0,0,0,0,0,0,0,0,0,0,0,0,0,0,0,0,0,0,0,0,0,0,0,0,0,0,0,0,0,0,0,0,0,0,0,0,0,0,0,0,0,0,0,0,0,0,0,0,0,0
70,HPV120,120,beta,2,betapapillomavirus_2,beta_HPV120,4.2442,1.0953,1.0953,0,0,0,0,0,0,0.5476,0,0,1.3691,7.667,67.6342,9.0361,0.5476,12.5958,0,9.9945,4.655,0,719.6057,17.1139,0,0,5.7503,194.5509,0,0,0.5476,0,0,18.483,0,0,26.0131,2.8751,7.8039,0,0,0,0,0,0,0,0,0,0,0,0,0,0,0,0,0,0,0.2738,0,0.2738,2.7382,0.2738,1.0953,0,2.4644,909.5016,4.1073,0,0,0,0,0,0,0,0,0,0,0.8215,2.1906,2.7382,3.012,9.31,2.1906,10.1314,0,0.8215,0,0,0,0.4107,0,0,0,0,0,0,2.4644,0,0,0,0,0,0,0,0,0,0,0,0,0,0,0,0,0,0,0,0,0,0,0.2738,0,0,0,0,0,0
71,HPV121,121,gamma,10,gammapapillomavirus_10,gamma_HPV121,0,0,0,0,0,0,0,0,0,0,0,0,0,0,0,0,0,0,0,0,0,0,0,0,0,0,0,1.6411,0,0,0,0,0,0,0,0,0,0,0,0,0,0,0,0,0,0,0,0,0,0,0,0,0,0,0,0,0,0,0,0,0,0,0,0,0,0,0,0,0,0,0,0,0,0,0,0,0,0,0,0,2.5985,88.6214,0,0,0,0,0,0,0,0,0,0,0,0,0,0,0,0,0,0,0,0,0,0,0,0,0,0,0,0,0,0,0,0,0,0,0,0,0,0,0,0,0,0,0,0
72,HPV122,122,beta,2,betapapillomavirus_2,beta_HPV122,0,0,0,0,0,0,0,0,0,0,0,0,41259.6995,1.2295,0,0,257906.0109,0,0,0.8197,5461.4754,0,1.3661,2052220.219,0,0,0,24869.3989,0,0,0,401.776,0.4098,0.8197,15391.5301,0,0,17323.7705,0,0,0,0,0,0,0,0,1.0929,0,0,0,0,0,0,0,0,0,0,0,0,0,0,0,0,0,0,0,0,11.4754,21.7213,2.459,1.3661,1.0929,3.0055,0.1366,13.2514,0,1.776,0.5464,5.7377,1.3661,6.5574,12.9781,2.7322,31.5574,0,4.235,0,130.0546,0,16.2568,0,0,0,0,0,0,0,0,0,0,0,0,0,0,0,0,0,0,0,0,0,0,0,0,0,0,0,0,0,0,0,0,0,0,0,0
73,HPV123,123,gamma,7,gammapapillomavirus_7,gamma_HPV123,0,0,0,0,0,0,0,0,0,0,0,0,0,0,0,0,0,0,0,0,0,0,0,0,0,0,0,13.9956,0,0,0,0,0,0.8233,0,0,0,0.2744,0,0,0,0,0,0,0,0,0,0,0,0,0,0,0,0,0,0,0,0,0,0,0,0,0,0,3.2931,0,0,0,0,0,0,0,0,0,0,0,0,0,0,0,0,0,0,0,0,0.4116,0,0,0,0,0,0,0,0,0,0,0,0,0,0,0,0,0,0,0,0,0,0,0,0,0,0,0,0,0,0,0,0,0,0,0,0,0,0,0,0
74,HPV124,124,beta,1,betapapillomavirus_1,beta_HPV124,0,0,0,0,0,0,0,216.5779,0,0,0,0,255.7695,0,0,300.4233,261.778,0.5462,0,59.9481,124.4026,0,16558.2412,1568.8925,0,0,21.1662,228.1852,0,0,16.1136,15.9771,0.2731,514.5432,13.2459,0,134.5077,395.0567,148.573,0,0,0,0,6.6912,0,0,3.0042,0,0,0,0,0,0,0,0,0,47.1118,13.519,104.4654,0,3.8236,0,0.2731,0,1.0924,0,4.916,58.8557,158.8147,12.0169,20.62,5.1891,30.452,199.3718,39.055,0,0,0,0,0,0,4.0967,0,0.5462,28232.4184,4588.0104,1167.5543,39900.7237,4636.7609,3522.3269,4991.5335,3997.6785,0,0,0,0,0,651.3724,0,0,0,0,0,0,0,0,0,0,0,0,0,0,0,0,0,0,0,0,0,0,0,0,0,0,0,0
75,HPV125,125,alpha,2,alphapapillomavirus_2,alpha_HPV125,0,0,0,0,0,0,0,0,0,0,0,0,0,0,24.8171,15.9352,44.0178,43.1034,0,0,0,0,0,0,0,0,0,0,0,0,0,0.7837,0,0,0,0,0,0,19.07,0,0,0,0,0,0,0,0,0,0,0,0,0,0,0,0,0,0,0,0,0,1.5674,0,0,0,88.9498,0,0,0,0,0,0,0,0,0,0,0,0,0,0,0,0,0,0,0,0,0,0,0,0,0,0,0,0,0,0,0,0,0,0,0,0,0,0,0,0,0,0,0,0,0,0,0,0,0,0,0,0,0,0,0,0,0,0,1.5674,0,0
76,HPV126,126,gamma,11,gammapapillomavirus_11,gamma_HPV126,0,0,0,0,0,0,0,0,0,0,0,0,0,1350.8054,3205.2962,0,0,5686.4592,0,0,0,60561.0156,0,0,3876.0579,0,0,0,113.4316,0,0,0,4.914,1.365,0,4472.973,0,0,0,0,0,0,0,0,0,0,0,0,0,0.273,0,0,0,0,0,0,0,0,0,0,0,0,0,0,0,0,0,0,0,0,0,0,0,0,0,0,0,0,0,0,0,0,0,0,0,0,0,0,0,0,0,0,11.193,0,0,0,0,0,0,0,0,0,0,0,0,0,0,0,0,0,0,0,0,0,0,0,0,0,0,0,0,0,0,0,0,0
77,HPV127,127,gamma,12,gammapapillomavirus_12,gamma_HPV127,0,0,0,0,0,0,0,0,0,0,0,0,4.4562,244.6734,221.8354,0,16.293,61.9691,0,0,0.6963,5.7095,0,11.6975,33.2823,0,0,5.8488,15.5967,0,0,0,8.9124,0,0,0.6963,0,3.0636,0,0,0,0,0,0,0,0,0,0,0,0,0,0,0,0,0,0,0,0,0,0,0,0,0,0,0,0,0,0,0.2785,0,0,0,0,0,0,0,0,0,0,0,0,0,0,0,0,0,0,0,0,0,0,0,0.1393,0,0,0,0,0,0,0,0,0,0,0,0,0,0,0,0,0,0,0,0,0,0,0,0,0,0,0,0,0,0,0,0,0
78,HPV128,128,gamma,13,gammapapillomavirus_13,gamma_HPV128,0,0,0,0,0,0,0,0,0,0,0,0,100.4271,0,0,0,183.4963,0,0,0,174.9552,0,3.7195,23842.6781,0,0,0,172.0623,0,0,0,29.2051,0,2.893,0.551,0,0,327.7311,0.1378,0,0,0,0,0,0,0,0,0,0,0,0,0,0,0,0,0,0,0,0,0,0,0,0,0,0,0,0,0,1.2398,2.2042,0,0,0,0,0.551,0,0,0,0,0,0,0,0,0,15521.2839,527.8964,2017.771,2891.4451,11914.451,320.1543,92.2992,28486.2929,0,0,0,0,0,212.1504,0,0,0,0,0,0,0,0,0,0,0,0,0,0,0,0,0,0,0,0,0,0,0,0,0,0,0,0
79,HPV129,129,gamma,9,gammapapillomavirus_9,gamma_HPV129,0,0,0,0,0,0,0,0,0,0,0,0,0,2.2346,3.4916,0,0,0.5587,0,0,0,0,0,0,0.9777,0,0,0,1.257,0,0,0,0,0,0,0,0,0,0,0.9777,0,0,0,0,1.1173,0,0,0,0,0,0,0,0,0,0,0,0,0,0,0,0,0,0,0,0,0,0,0,0,0,0,0,0,0,0,0,0,0,0,0,0,0.2793,0,0,0,6.7039,10.7542,0,2.514,0,0,0,0,0,0,0,0,0,0,0,0,0,0,0,0,0,0,0,0,0,0,0,0,0,0,0,0,0,0,0,0,0,0,0,0,0
80,HPV130,130,gamma,10,gammapapillomavirus_10,gamma_HPV130,0,0,0,0,0,0,0,0,0,0,0,0,0,148.6523,104.2744,9.2567,0,81.541,0,14.4296,0,90.6616,22.8696,0,20.8277,0,0.2723,0,37.9799,0,0.5445,0,61.394,23.9586,0,703.5121,5.9897,0,41.1108,0,0,0,0,0,0,0,0,0,0,0,0,0,0,0,0,0,0,0,0,0,0,0,0,0,0,0,0,0,0,0,0,0,0,0,0,0,0,0,0,0,0,0,0,0,0,0,0,0,0,0,0,0,304.6556,0,0,0,0,0,0,0,0,0,0,0,0,0,0,0,0,0,0,0,0,0,0,0,0,0,0,0,0,0,0,0,0,0
81,HPV131,131,gamma,14,gammapapillomavirus_14,gamma_HPV131,0,0,0,0,0,0,0,0,0,0,0,0,0,0,0,0,0,0,0,0,0,0,0,0,3.3417,0,0,0,0,0,0,0,0,0,0,0,0,0,0,0,0,0,0,0,0,0,0,0,0,0,0,0,0,0,0,0,0,0,0,0,0,0,0,0,0,0,0,0,0,0,0,0,0,0,0,0,0,0,0,0,0,0,0,0,0,0,0,0,0,0,0,0,0,0,0,0,0,0,0,0,0,0,0,0,0,0,0,0,0,0,0,0,0,0,0,0,0,0,0,0,0,0,0,0,0,0
82,HPV132,132,gamma,12,gammapapillomavirus_12,gamma_HPV132,0,0,0,0,0,0,0,0,0,0,0,0,0,0,0,0,0,0,0,0,0,0,0,0,0,0,0,0,0,0,0,0,0,0,0,0,0,0,0,0,0,0,0,0,0,0,0,0,0,0,0,0,0,0,0,0,0,0,0,0,0,0,0,0,0,0,0,0,0,0,0,0.2807,0,0,0,0,0,0,0,0,0,0,0,0,0,0,0,0,0,0,0,0,0,0,0,0,0,0,0,0,0,0,0,0,0,0,0,0,0,0,0,0,0,0,0,0,0,0,0,0,0,0,0,0,0,0
83,HPV133,133,gamma,10,gammapapillomavirus_10,gamma_HPV133,0,0,0,0,0,0,0,0,0,0,0,0,0,138.8964,126.2571,0,0,389.508,0,0,0,10942.6475,0,0,31.5303,0,0,0,909.0786,0,0,0,0.2718,0,0,0,0,0,0,0,0,0,0,0,0,0,0,0,0,0,0,0,0,0,0,0,0,0,0,0,0,0,0,0,0,0,0,0,0,0,0,0,0,0,0,0,0,0,0,0,0,1.2232,0,0,0,0,0,0,0,0,0,0,0,0,0,0,0,0,0,0,0,0,0,0,0,0,0,0,0,0,0,0,0,0,0,0,0,0,0,0,0,0,0,0,0,0
84,HPV134,134,gamma,7,gammapapillomavirus_7,gamma_HPV134,0.5473,0,0.5473,0,0,0,0,0,0,0,0,0,0,381.7212,810.5076,0,0.5473,183.1988,0,1.3682,0,226.9804,0,0,50.0752,0,0,0,293.4738,0,0,0,0,0.8209,0,1194.5547,0,0,0,0,0,0,0,0,0.2736,0,0,0.8209,0.8209,5.4727,0,0,0,0,0,0,0,0,0,0,1.505,0,0.2736,1.3682,0.5473,0,5.4727,0,0,0,0,0,0,0,0,0,0,0,0,0,0,0,0,0,0,0,0,0,0,0,0,0,31.1944,0,0,0,0,0,0,0,0,0,0,0,0,0,0,0,0,0,0,0,0,0,0,0,0,0,0,0,0,0,0,0,0,0
85,HPV135,135,gamma,15,gammapapillomavirus_15,gamma_HPV135,0,0,0,0,0,0,0,0,0,0.2786,0,0,0,1.9501,0,0.2786,1.393,0,0,0,1.1144,0,1.5322,0.8358,0,0,0,3.6217,0,0,0,0,0,0,0,0,0,0,0,0,0,0,0,0,0,0,0,0,0,0,0,0,0,0,0,0,0,0,0,0,0.8358,0,0,0,1.9501,0,0,0,0,0,0,0,0,0,0,0,0,0,0,0,0,0,0,0,0,0,0,0,0,0,0,0,0,0,0,0,0,0,0,0,0,0,0,0,0,0,0,0,0,0,0,0,0,0,0,0,0,0,0,0,0,0,0,0,0,0
86,HPV136,136,gamma,11,gammapapillomavirus_11,gamma_HPV136,0,0,0,0,0,0,0.5512,0,0,0,0,0,0,0.2756,0,315.0062,0,0.5512,0,56.3594,0,2.8938,424.8312,0,0,0,436.4062,0,0,0,7.1655,0,0,421.6618,0,0,3683.3402,0,1675.3479,0,0,0,0,0,0,0,0,0,0,0,0,0,0,0,0,0,0,0,0,0,0,0,0,0,0.8268,0,0,0,0,0,0,0,0,0,0,0,0,0,0,0,0,0,0,0,0,0.5512,1.6536,0.1378,24.2524,0,0,0,0,0,0,0,0,0,0,0,0,0,0,0,0,0,0,0,0,0,0,0,0,0,0,0,0,0,0,0,0,0,0,0,0,0
87,HPV137,137,gamma,16,gammapapillomavirus_16,gamma_HPV137,0,0,0,0,0,0,0,0,0,0,0,0,0,35.2142,153.1956,0,0,59.6146,0,0,0,305.5594,0,0,59.6146,0,0,0,154.3047,0,0,0,0,0,0,0,0,0,0,0,0,0,0,0,0,0,0.2773,0,0,0,0,0,0,0,0,0,0,0,0,0,0,0,0,0,0,0,0,0,0,0,0,0,0,0,0,0,0,0,0,0,0,0,0,0,0,0,0,0,0,0,0,0,0.8318,0,0,0,0,0,0,0,0,0,0,0,0,0,0,0,0,0,0,0,0,0,0,0,0,0,0,0,0,0,0,0,0,0
88,HPV138,138,gamma,7,gammapapillomavirus_7,gamma_HPV138,0.275,0,0,0,0,0,0,0.4125,0,0.55,0,0,0,0,0,0,0,0,0,0,0,0,0,0,0,0,0,0,0,0,0,0,0,0,0,0,0,0,0,0,0,0,0,0,0,0,0.4125,0,0,0,0,0,0,0,0,0,0,0,0,4.3998,17.4618,6.5998,205.4173,7.4247,3.0249,1.9249,27.3615,0,0,0,0,0,0,0,0,0,0,0,0,0,0,0,0,0.275,0,0,0,0,0,0,0,0,0,1.9249,0.825,0,0,0,0,0,0,0,0,0,0,0,0,0,0,0,0,0,0,0,0,0,0,0,0,0,0,0,0,0,0,0
89,HPV139,139,gamma,7,gammapapillomavirus_7,gamma_HPV139,0,0,0,0,0,0,0,0,0,0,0,0,0,0,0,0,0,0,0,0,0,0,0,0,0,0,0,2.1822,0,0,0,0,0,0,0,0,0,0,0,0,0,0,0,0,0,0,0,0,0,0,0,0,0,0,0,0,0,0,0,0,0,0,0,0,0,1.6367,0,0,0,0,0,0,0,0,0,0,0,0,0,0,0,0,0,0,0,1.0911,0,0,0,0,0,0,0,0,0,0,0,0,0,0,0,0,0,0,0,0,0,0,0,0,0,0,0,0,0,0,0,0,0,0,0,0,0,0,0,0
90,HPV140,140,gamma,11,gammapapillomavirus_11,gamma_HPV140,0,0,0,0,0,0,0,0,0,0,0,0,0,0,0,0,0,0,0,0,0,0,0,0,0,0,0,4.6684,0,0,0,0,0,0,0,0,0,0,0,0,0,0,0,0,0,0,0,0,0,0,0,0,0,0,0,0,0,0,0,0,0,0,0,0,0,0,0,0,0,0,0,0,0,0,0,0,0,0,0,0,0,0,0,0,0,0,0,0,0,0,0,0,0,0,0,0,0,0,0,0,0,0,0,0,0,0,0,0,0,0,0,0,0,0,0,0,0,0,0,0,0,0,0,0,0,0
91,HPV141,141,gamma,11,gammapapillomavirus_11,gamma_HPV141,0,0,0,0,0,0,0,0,0,0,0,0,0,0,0,0,0,0,0,0,0,0,0,0,0,0,0,0,0,0,0,0,0,0,0,0,0,0,0,0,0,0,0,0,0,0,0,0,0,0,0,0,0,0,0,0,0,0,0,0,0,0,0,0,1.3605,0,0,0,0,0,0,0,0,0,0,0,0,0,0,0,0,2.1769,0,0,13400.1361,67510.4762,166838.9116,11662.0408,5217.9592,2222.0408,1994.6939,10554.5578,0,0,0,0,0,6811.9728,0,0,0,0,0,0,0,0,0,0,0,0,0,0,0,0,0,0,0,0,0,0,0,0,0,0,0,0
92,HPV142,142,gamma,10,gammapapillomavirus_10,gamma_HPV142,0,0,0,0,0,0,0,0,0,0,0,0,0,479.2514,148.6303,71.4673,0,811.3643,0,10.5777,0,5.6957,41.3615,0,34.9878,0,0.4068,28.8853,12.205,0,1.6273,0,0,54.6515,0,3.2547,1.8986,0.4068,104.9634,0,0,0,0,0,0,0,0,0,0,0,0,0,0,0,0,0,0,0,0,0,0,0,0,0,0,0,0,0,0,0.2712,0,0,0,0,0,0,0,0,3.2547,0,8.1367,2.7122,0,1.0849,0,0,0,0,0,0,0,0,0,0,0,0,0,0,0,0,0,0,0,0,0,0,0,0,0,0,0,0,0,0,0,0,0,0,0,0,0,0,0,0,0,0
93,HPV143,143,beta,1,betapapillomavirus_1,beta_HPV143,0,0,0,0,0,0,0,0,0,0,0,0,0,0,0,0,0,0,0,0,0,0,709.6437,0,0,0,0,0,0,0,0,0,0,0,0,0,0,0,0,0,0,0,0,0,0,0,0,0,0,0,0,0,0,0,0,0,0,0,0,0,0,0,0,0,0,0,0,0,0,0,0,0,0,0,0,0,48.1535,0,0,0,0,0,0,0,1074.2529,1014.6157,1052.4599,2254.7305,1768.8895,978.207,1977.946,2084.6927,0,0,0,0,0,185.567,0,0,0,0,0,0,0,0,0,0,0,0,0,0,0,0,0,0,0,0,0,0,0,0,0,0,0,0
94,HPV144,144,gamma,17,gammapapillomavirus_17,gamma_HPV144,0,0,0,0,0,0,0,0,0,0,0,0,0,0,0,2.7507,0,0,0,0,0,0,1.9255,0,0,0,0,0,0,0,0,0,0,0,0,0,0,0,1.9255,0,0,0,0,0,0,0,0,0,0,0,0,0,0,0,0,0,0,0,0,0,0,0,0,0,0,0,0,0,0,0,0,0,0,0,0,0,0,0,0,0,0,0,0,0,4.2635,7.7018,1.6504,0,4.126,0,0,4.126,0,0,0,0,0,0,0,0,0,0,0,0,0,0,0,0,0,0,0,0,0,0,0,0,0,0,0,0,0,0,0,0,0,0
95,HPV145,145,beta,2,betapapillomavirus_2,beta_HPV145,0.2712,0,1.3559,0,0,0,0,0,0,0,0,0,0,0,0,0,0,0,0,0,0,0,0,0,0,0,0,0,0,0,0,0,0,0,0,0,0,0,0,0,0,0,0,0,0,0,0,0,0,0,0,0,0,0,0,0,0,0,0,0,0,0,0,0,0,0,0,0,0,0,0,0,0,0,0.8136,0,0,0,0,0,0,0,0,0,0,0,0,0,0,0,0,0,0,0,0,0,0,0,0,0,0,0,0,0,0,0,0,0,0,0,0,0,0,0,0,0,0,0,0,0,0,0,0,0,0,0
96,HPV146,146,gamma,15,gammapapillomavirus_15,gamma_HPV146,0,0,0,0,0,0,0,0,0,0,0,0,4.9848,0,1.8001,15.2312,19.6621,1.5231,0,16.4774,3.3232,0.9693,173.7746,40.8474,0,0,1.3847,19.6621,0.8308,0,3.3232,0,3.7386,22.7084,0,0,9.6926,53.0324,25.4777,0,0,0,0,0,0,0,0,0,0,0,0,0,0,0,0,0,0,0,0,0,0,0,1.3847,0,0,0,0,0,0,0,0,0,0,0,0,0,0,0,0,0,0,0.5539,0,0,0,0,0,0,0,0,0,0,0,0,0,0,0,0,0,0,0,0,0,0,0,0,0,0,0,0,0,0,0,0,0,0,0,0,0,0,0,0,0,0,0,0
97,HPV147,147,gamma,8,gammapapillomavirus_8,gamma_HPV147,0,0,0,0,0,0,0,0,0,0,0,0,0,0,0.8306,0,0,0,0,0,0,0,0,0,0,0,0,0.8306,0,0,0,0,0,0,0,0,0,0,0,0,0,0,0,0,0,0,0,0,0,0,0,0,0,0,0,0,23.1174,5.814,8.3056,0,0,0,0,0,0,0,0,1.6611,4.9834,0,0,0,0.5537,0,2.4917,0,0,0,0,0,0,0.5537,0,0,32.392,15.0886,284.7453,0.2769,1068.3832,951.8272,1.1074,8.8594,0,0,0,0,0,0,0,0,0,0,0,0,0,0,0,0,0,0,0,0,0,0,0,0,0,0,0,0,0,0,0,0,0,0
98,HPV148,148,gamma,12,gammapapillomavirus_12,gamma_HPV148,0,0,0,0,0,0,0,0,0,0,0,0,0,3621.3009,39073.5623,8.9336,0,21004.6064,0,5.0251,0,48.995,12.2836,0,202.9592,0,3.6293,0,258.5148,0,0,0,4.1876,5.5835,0,451.1446,4.6064,0,4.3272,0,0,0,0,0,0,0,0,0,0,0.5583,0,0,0,0,0,0,0.2792,0,0,0,0,0,0,0.1396,0,0,0,0,0,0.2792,0,0,0,0,0,0,0,0,0,0,0,0,0,0,0,0,0,0,0,0,0,0,0.2792,0,0,0,0,0,0,0,0,0,0,0,0,0,0,0,0,0,0,0,0,0,0,0,0,0,0,0,0,0,0,0,0,0
99,HPV149,149,gamma,7,gammapapillomavirus_7,gamma_HPV149,0,0,0,0,0,0,0,0,0,0,0,0,0,6.5458,40.6382,0,0,29.865,0,0,0,0.8182,0,0,1.3637,0,0,0,0.5455,0,0,0,0,0,0,0.2727,0,0,0,0,0,0,0,0,9.2731,0.2727,3.0001,0,0,0,0,0.5455,0,0,0,0,0,0,0,0,0,0,0,0,0,0,0,0,0,0,0,0,0,0,0,0,0,0,0,0,0,0,0,0,0,0,0,0,0,0,0,0,0,0,0,0,0,0,0,0,0,0,0,0,0,0,0,0,0,0,0,0,0,0,0,0,0,0,0,0,0,0,0,0,0,0
100,HPV150,150,beta,5,betapapillomavirus_5,beta_HPV150,0,0,0.8115,0,0,0,0,0,0,0,0,0,0,24.885,23.6678,0,0,0,0,0,0,302.5426,0,0.9467,0,0,0,0,0,0,0,0.8115,0.2705,0,0,0,0,0,0,0,0,0,0,0,0,0,0,0,0,0,0,0,0,0,0,0,0,0,0.2705,0,0,0,0,0,2.4344,0,0,0,1.082,0,0,0,0,0,0,0,0,0,0,0,0,0,0,0,2.9754,1.3524,0,0,1.3524,0.2705,0,3.2459,0,0,0,0,0,0,0,0,0,0,0,0,0,0,0,0,0,0,0,0,0,0,0,0,0,0,0,0,0,0,0,0,0,0
101,HPV151,151,beta,2,betapapillomavirus_2,beta_HPV151,0,0,0,0,0,0,0,0,0,0,0,0.8182,0,1171.2805,10364.1075,0,0,1135.4152,0,0,0,28.0922,978.7263,0,86.0494,0,0,14.7279,9.1368,0,0,0,0,0,0,1.6364,7.0912,0.5455,0,0,0,0,0,0,0,0,0,0,0,0,0,0,0,0,0,0,0,0,0,0.5455,0,0.5455,0,0,0,4277.5126,0,12.0005,46.9112,0.8182,1.091,2.4547,6.5458,6.273,14.0461,0,0,0,0,0,0,0,0,0,0,0,0,0,0,0,0,0,0,0,0,0.4091,0,0,0,0,0,0,0,0,0,0,0,0,0,0,0,0,0,0,0,0,0,0,0,0,1.6364,0.2727,0,0.4091,0,0
102,HPV152,152,beta,1,betapapillomavirus_1,beta_HPV152,0,0,0,0,0.5462,0,0,252.3556,0,0,0,0,342.0729,0,0,0,370.6131,0,0,0,147.0709,0,11263.1435,2085.6206,0,0,0,315.4445,0,0,0,18.7082,0,32.3638,19.9372,0,14.4749,507.5789,0,0,0,0,0,3.4139,0,0,0,0,0,0,0,0,0,0.2731,0,0,0,0.1366,0,0.2731,6.2816,0,1.9118,0,0.8193,0,5.7354,0,0,0,0,0.5462,0,0,6.4181,0,0,0.1366,0,0,0,0.5462,0,0,2752.1508,905.0935,315.3079,23269.0154,1608.6303,756.384,1288.4064,1848.2862,0,0,0,0,0,168.5102,0,0,0,0,0,0,0,0,0,0,0,0,0,0,0,0,0,0,0,0,0,0,0,0,0,0.2731,0,0
103,HPV154,154,gamma,11,gammapapillomavirus_11,gamma_HPV154,0,0,0,0,0,0,0,0,0,0,0,0,0,45.7041,88.6632,0.6862,0,34.8614,0,0.2745,0,17169.5032,4.1175,0,7903.9253,0,0,0,57.0958,0,0,0,1.5097,3.294,0,62.5858,0.1372,0,149.4647,0,0,0,0,0,0,0,0,0,0,0,0,0,0,0,0,0,0,0,0,0,0,0,0,0,0,0,0,0,0,0,0,0,0,0,0,0,0,0,0,0,0,0,0,0,0,0,0,0,0,0,0,0,0,0,0,0,0,0,0,0,0,0,0,0,0,0,0,0,0,0,0,0,0,0,0,0,0,0,0,0,0,0,0,0,0,0
104,HPV155,155,gamma,7,gammapapillomavirus_7,gamma_HPV155,0,0,0,0,0,0,0,0,0,0,0,0,0,59.7116,5.8487,12.5136,0,8.9771,0,6.2568,0,0,31.148,0,3.5365,0,0.9521,0,1.0881,0,1.0881,0,0,1.0881,0,0,1.2242,0,15.2339,0,0,0,0,0,0,0,0.5441,0,0,0,0,0,0,0,0,0,0,0,0,0,0,0,0,0,0,2.1763,0,0,0,0,0,0,0,0,0,0,0,0,0,0,0,0,0,0,0,0,0,0,0,0,0,0,77.5299,0,0,0,0,0,0,0,0,0,0,0,0,0,0,0,0,0,0,0,0,0,0,0,0,0,0,0,0,0,0,0,0,0
105,HPV156,156,gamma,18,gammapapillomavirus_18,gamma_HPV156,0,0,0,0,0,0,0,0,0,0,0,0,2.456,294.3103,88.6888,0,12.1435,600.4912,0,0,3.5476,121.0261,0.8187,16.5098,6.2764,0,0,23.8777,25.5151,0,0,0,0.2729,8.0502,0,2.0467,0,3.8204,0,0,0,0,0,0,0,0,0,0,0,0.5458,0,0,0,0,0,0,0.2729,0,1.0916,0,0,0,0,0,0,0,0,0.4093,1.6373,0.5458,0,0,0,0,0,0,0,0,0,0,0,0,0,0,0,0,0,0,0,0,0,0,0,0,0,0,0,0,0,0,0,0,0,0,0,0,0,0,0,0,0,0,0,0,0,0,0,0,0,0,0.2729,0,0,0,0,0
106,HPV157,157,gamma,NA,gammapapillomavirus_NA,gamma_HPV157,0,0,0,0,0,0,0,0,0,0,0,0,0,16.4943,177.9424,2.3763,0,79.6757,0,0.6989,0,0,1.5376,0,0,0,0,0,2.7956,0,0,0,0,0,0,0,1.1183,0,0,0,0,0,0,0,0,0,0,0,0,0,0,0,0,0,0,0,0,0,0,0,0,0,0,0,0,0,0,0,0,0,0,0,0,0,0,0,0,0,0,0,0,0,0,0,0,0,0,0,0,0,0,0,0,0,0,0,0,0,0,0,0,0,0,0,0,0,0,0,0,0,0,0,0,0,0,0,0,0,0,0,0,0,0,0,0,0
107,HPV158,158,gamma,NA,gammapapillomavirus_NA,gamma_HPV158,0,0,0,1.6685,0,0,0,0,0,0,0,0,0,0,0,0,0,0,0,0,1.1123,0,0,5.0056,0,0,0,243.1869,0,0,0,0,0,0,0,0,0,2.6418,0,0,0,0,0,0,0,0,0,0.5562,0,0.5562,0,0,0,0,0,0,0,0,0,0,0,0,0,0,0,0,0.5562,0,0,0,0,0,0,0,0,0,0,0,0,0,0,0,0,0,0.2781,0.2781,0,0,1.9466,0,0,0,0,0,0,0,0,10.5673,0,0,0,0,0,0,0,0,0,0,0,0,0,0,0,0,0,0,0,0,0,0,0,0,0,0,0,0
108,HPV159,159,beta,2,betapapillomavirus_2,beta_HPV159,3.165,0,1.6513,5.2291,0,2.2017,18.4395,1.1009,3.5778,0.2752,0,0,0,0,0,0,45.9612,0,0,0,0,0,0,447.64,0,0,0,17.0634,0,0,0,0,0,0,0,0,0,0,0,0,0,0,0,0,0,0,0,0,0,0,0,0,0,0,0,0,0,0,0,0,0,0,0,0,0,0,4.9539,0.2752,0,0,0,0,0,0,0,0,0,0,0,0,0,0,0,0,0,0.5504,0,0,0,0,0,0,0,0,0,0,0,0,0,0,0,0,0,0,0,0,0,0,0,0,0,0,0,0,0,0,0,0,0,24.6319,0,0.688,0.2752,0,0,0
109,HPV161,161,gamma,19,gammapapillomavirus_19,gamma_HPV161,0,0,0,0,0,0,0,0,0,0,0,0.5526,0,0,0,0,0,0,0,0,0,0,0,0,0,0,0,0,0,0,0,0,0,0,0,0,0,0,0,0,0,0,0,0,0,0,0,0,0,0,0,0,0,0,0,0,0,0,0,0,0,0,0,0,0,0,0,0.5526,0.2763,0,0,0,0,0,0,0,0,0,0,0,0,0,0,1.3816,0,0,0,0,0,0,0,0,0,0,0,0,0,0,0,0,0,0,0,0,0,0,0,0,0,0,0,0,0,0,0,0,0,0,0,0,0,0,0,0,0,0
110,HPV162,162,gamma,19,gammapapillomavirus_19,gamma_HPV162,0,0,0,0,0,0,0,0,0,0,0,0.2772,0,0,0,0,0,0,0,0,0,0,0,0,0,0,0,0,0,0,0,0,0,0,0,0,0,0,0,0,0,0,0,0,0,0,0.1386,0,0,0,0,0,0,0,0,0,0,0,0,0,0,0,0,0,0,0,0,0,0,0,0,0.2772,0,0,0,0,0,0,0,0,0,0,0,0,0,0,0,0,0,0,0,0,0,0,0,0,0,0,0,0,0,0,0,0,0,0,0,0,0,0,0,0,0,0,0,0,0,0,0,0,0,0,0,0,0,0
111,HPV163,163,gamma,20,gammapapillomavirus_20,gamma_HPV163,0,0,0,0,0,0,0,0,0,0,0,0,0,1178.764,397.2072,0,0.1383,20.047,0,0,1.106,0.6913,0.2765,0.8295,58.3437,0,0,0.8295,4.2859,0,0,0,0,0.9678,0,1.3826,0,0,0,0,0,0,0,0,0,0,0.553,0,0,0,0,0,0,0,0,0,0,0,0,0,0,0,0,0,0,0,0,0,0,0,0,0,0,0,0,0,0,0,0,0,0,0,0,0,0,0,0,0,0,0,0,0,0,0,0,0,0,0,0,0,0,0,0,0,0,0,0,0,0,0,0,0,0,0,0,0,0,0,0,5.945,0,0,0,0,0,0
112,HPV164,164,gamma,8,gammapapillomavirus_8,gamma_HPV164,0,0,1.3826,0,0,0,0,0,0,0.553,0,0,0,0,0,0,1.9356,0,0,0,0,0,0,0,0,0,0,0,0,0,0,0,0,0,0,0,0,0,0,0,0,0,0,0,0,0,0,0,0,0,0,0,0,0,0,0,0,0,0,2.2121,4.7007,0,4.7007,0,0,0,0,0,0,0,0,0,0,0,0,0,0,0,0,0,0,0,0,0,0,0,0,0,0,0,0,0,0,0,0,0,0,0,0,0,0,0,0,0,0,0,0,0,0,0,0,0,0,0,0,0,0,0,0,0,0,0,0,0,0,0
113,HPV165,165,gamma,12,gammapapillomavirus_12,gamma_HPV165,0,0,0,0,0,0,0,0,0,0,0,0,1.1222,0,73.2221,0,2.2444,38.154,0,0,3.3665,0,0,2.1041,0,0,0,16.6924,0,0,0,0,0,1.1222,0.1403,0,0,1.8235,0,0,0,0,0,0,0,0,0,0,0,0,0,0,0,0,0,0,0.1403,1.1222,0,0,0,0,0,0,0,0,0,0,0,0,0,0,0,0,0,0,0,0,0,0,0,0,0,0,0,0,0,0,0,0,0,0,0,0,0,0,0,0,0,0,0,0,0,0,0,0,0,0,0,0,0,0,0,0,0,0,0,0,0,0,0,0,0,0,0,0
114,HPV166,166,gamma,19,gammapapillomavirus_19,gamma_HPV166,0,0,0,0,0,0,0,0,0,0,0,0,0,0,0,0,0,0,0,0,0,0,0,0,0,0,0,0,0,0,0,0,0,0,0,0,0,0,0,0,0,0,0,0,1.3866,0,5.8236,0,0,0,0,0,0,0,0,0,0,0,0,0,0,0,0,0,0,0,0.5546,0,0,0,0,0,0,0,0,0,0,0,0,0,0,0,0,0,0,0,0,0,0,0,0,0,0,0,0,0,0,0,0,0,0,0,0,0,0,0,0,0,0,0,0,0,0,0,0,0,0,0,0,0,0,0,0,0,0,0
115,HPV167,167,gamma,21,gammapapillomavirus_21,gamma_HPV167,0,0,0,0,0,0.5534,0,0,0,0,0,0,0,0,0,0,0,2.767,0,0,0,0,0,0.2767,0,0,0,27.2551,0,0,0,0,0,2.2136,0,0,0,0.2767,0,0,0,0,0,0,0,0,0,0,0,0,0,0,0,0,0,0,0,0,0,0,0,0,0,0,0,0,0,1.9369,0,3.8738,1.9369,4.9806,0.8301,0,0.8301,0,0,0,0,0,0,0,0,0,0,0,0,0,0,0,0,0,0,0,0,0,0,0,0,0,0,0,0,0,0,0,0,0,0,0,0,0,0,0,0,0,0,0,48.9762,1.3835,3.8738,1.6602,4.4272,0.5534,0,0
116,HPV168,168,gamma,8,gammapapillomavirus_8,gamma_HPV168,1.1105,0,0,0,0,0.5552,0,0,0,0.8329,0,0.5552,0,0,0,0,0.2776,0,0,0,0,0,0,0,0,0,0,0,0,0,0,0,0,0,0,0,0,0,0,0,0,0,0,0,0,0,0,0,0,0,0,0,0,0,0,0,0,0,0,0,0,0,0,0,0,0,0,0,0,0,0,0,0,0,0,0,0,0,0,0,0,0,0,0,0,0,0,0,0,0,0,0,0,0,0,0,0,0,0,0,0,0,0,0,0,0,0,0,0,0,0,0,0,0,0,0,0,0,0,0,0,0,0,0,0,0
117,HPV169,169,gamma,11,gammapapillomavirus_11,gamma_HPV169,0,0,0.831,0,0,0,0,0,0,0,0,0,0,0,6.2327,59.8338,0,4.2936,0,55.8172,0,60.8033,18756.2327,0,1.9391,0,201.8006,0,0,0,10.6648,0,0,203.3241,0,0,372.1607,0,75.0693,0,0,0,0,0,0,0,0,0,0,0,0.554,0,0,0,0,0,0,0,0,0,0,0,0,0,0,0,0,0.277,0,0,0,0,0,0,0,0,0,0,0,0,0,0,0,0,0,0,0,0,0,0,0,0,0,0,0,0,0,0,0,0,0,0,0,0,0,0,0,0,0,0,0,0,0,0,0,0,0,0,0,0,0,0,0,0,0,0
118,HPV170,170,gamma,7,gammapapillomavirus_7,gamma_HPV170,0,0,0,0,0,0,0,0,0,0,0,0,0,2.8313,1.6179,0,0,0.2697,0,0,0,0,0,0,2.1572,0,0,0,0.5393,0,0,0,0,0,0,0,0,0,0,0,0,0,0,0,0,0,0,0,0,0,0,0,0,0,0,0,0,0,0,0,0,0,0,0,0,0,0,0,0,0,0,0,0,0,0,0,0,0,0,0,0,0,0,0,0,0,0,0,0,0,0,0,0,0,0,0,0,0,0,0,0,0,0,0,0,0,0,0,0,0,0,0,0,0,0,0,0,0,0,0,0,0,0,0,0,0
119,HPV171,171,gamma,11,gammapapillomavirus_11,gamma_HPV171,0,0,0,0,0,0,0,0,0,0,0,0,0,0,2.2235,0,0,1.1117,0,0,0,0,860.0611,0,0,0,8.6159,0,0,0,0,0,0,11.3952,0,1.3897,15.8421,0,3.1962,0,0,0,0,0,0,0,0,0,0,0,0,0,0,0,0,0,0,0,0,0,0,0,0,0,0,0,0,0,0,0,0,0,0,0,0,0,0,0,0,0,0,0,0,0,0,0,0,0,0,0,0,0,0,0,0,0,0,0,0,0,0,0,0,0,0,0,0,0,0,0,0,0,0,0,0,0,0,0,0,0,0,0,0,0,0,0
120,HPV172,172,gamma,22,gammapapillomavirus_22,gamma_HPV172,0,0,0,0,0,0,0,0,0,0,0,0,5.7625,0,0,0,10.26,0,0,0,3.2326,0,0,22.3472,0,0,0,15.7414,0,0,0,0,0,0,2.2488,0,0,4.9192,0,0,0,0,0,0,0,0,0,0,0,0,0,0,0,0,0,0,1.2649,0.8433,2.1082,0,0,0,0,0,0,0,0,0,0,0,0,0,0,0,0,0,0,0,0,1.4055,0,0,0,0,0,0,0,0,0,0,0,0,0,0,0,0,0,0,0,0,0,0,0,0,0,0,0,0,0,0,0,0,0,0,0,0,0,0,0,0,0,0,0,0,0,0
121,HPV173,173,gamma,1,gammapapillomavirus_1,gamma_HPV173,0,1.9186,0,0,0,0,0,0,0,0,0,0,0,0,0,0,0,0,0,0,0,0,0,0,0,0,0,0,0,0,0,0,0,0,0,0,0,0,0,0,0,0,0,0,0,0,0,0,0,0,0,0,0,0,0,0,4.3854,1.0963,8.7707,0,0,0,0,0,4.3854,0,0,0,0,0,0,0,0,0,0,0,0,0,0,0,0,0,0,0,0,0,0,0,0,0,0,0,0,0,0,0,0,0,0,0,0,0,0,0,0,0,0,0,0,0,0,0,0,0,0,0,0,0,0,0,0,0,0,0,0,0
122,HPV174,174,beta,2,betapapillomavirus_2,beta_HPV174,0,0,0,0,0,0,0,0,0,0,0,0,0,0,1.5005,0,0,0,0,0,0.8184,0,2.8645,4.7742,0,0,0.2728,35.0566,0,0,0,0,0,0.8184,0,0,0.1364,1.3641,0.4092,0,0,0,0,0,0,0,0,0,0,0,0,0,0,0,0,0,0,0,0,0,0,0,0,0,0,0,0,0,1.0913,0,0,0,0,0,0,0,0,0,0,0,0,0,0,0,0,0,0,0,0,0,0,0,0,0,0,0,0,0,0,0,0,0,0,0,0,0,0,0,0,0,0,0,0,0,0,0,0,0,0,0,0,0,0,0,0,0
123,HPV175,175,gamma,23,gammapapillomavirus_23,gamma_HPV175,0,0,0,0,0,0,0,0,0,0,0,0,0,2014.2956,44745.8709,10.9646,0,863.8446,0,7.9112,0,3552.9493,17.3491,1.8043,551.5614,0,0.8328,12.7689,471.4781,0,0.8328,0,11.9362,4.025,0,2.6371,1.8043,0,6.9396,0,0,0,0,0,0,0,0,0,0,0,0,0,0,0,0,0,0,0,0,0,0,0,0,0,0.8328,0,0,0,0,0,0,0,0,0,0,0,0,0,0,0,0,0,0,0,0,0,0,0,0,0,0,0,0.1388,0,0,0,0,0,0,0,0,0,0,0,0,0,0,0,0,0,0,0,0,0,0,0,0,0,0,0,0,0,0,0,0,0
124,HPV178,178,gamma,24,gammapapillomavirus_24,gamma_HPV178,0,0,0,0,0,0,0,0,0,0.4124,0,0,0,0,3.0241,0,0,1.6495,0,0,0,0,0,0,0,0,0,0,0,0,0,0,0,0,0,0,0,0,0,0,0,0,0,0,0,0,0,0.4124,0,0,0,0,0,0,0,0,0,0.1375,0,0.2749,2.0619,0,0,1.6495,0,3.8488,1.9244,0,0,0,0,0,1.6495,0,0,0,0,0,0,0,0,0,0,0,1219.5189,17.457,3.8488,19.244,32.5773,8.3849,17.457,21.1684,0,0,0,0,0,54.9828,0,0,0,0,0,0,0,0,0,0,0,0,0,0,0,0,0,0,0,0,0,0,0,0,0,0,0,0
125,HPV179,179,gamma,15,gammapapillomavirus_15,gamma_HPV179,0,0,0,0,0,0,0,0,0,0,0,0,0,2.2331,5.4431,0,0,9.351,0,0.5583,0,0.2791,1.2561,0,1.1165,0,0,0,9.2114,0,0,0,0,0,0,0,0,0,0,0,0,0,0,0,0,0,0,0,0,0,0,0,0.5583,0,0,0,0,0,0,0,1.3957,0,0,0,0,0,0,0,0.5583,0,0,0,0,0,0,0,0,0,0,0,0,0,0,0,26.3782,77.8786,0.5583,3.0705,36.0084,13.8172,24.843,30.007,0,0,0,0,0,90.1605,0,0,0,0,0,0,0,0,0,0,0,0,0,0,0,0,0,0,0,0,0,0,0.6978,1.1165,0,0,0,0
126,HPV180,180,gamma,10,gammapapillomavirus_10,gamma_HPV180,0,0,0,0,0,0,0,0,0,0,0,0,0,0,0,0,0,0,0,0,0,0,0,0,0,0,0,1.5066,0,0,0,0,0,0,0,0,0,0,0,0,0,0,0,0,0,0,0,0,0,0,0,0,0,0,0,0,0,0,0,0,0,0,0,0,0,0,0,0,0,0,0,0,0,0,0,0,0,0,0.8218,0,11.0944,445.1445,0,0,0,0,0,0,0,0,0,0,0,0,0,0,0,0,0,0,0,0,0,0,0,0,0,0,0,0,0,0,0,0,0,0,0,0,0,0,0,0,0,0,0,0
127,HPV197,197,gamma,24,gammapapillomavirus_24,gamma_HPV197,0,0,0,0,0,0,0,0,0,0.5514,0,0,2.7571,273.2286,1365.04,3.4464,1.5164,1394.9545,0,5.1006,0.8271,11.442,403.6394,7.7199,82.8508,0,0,3.0328,13.9234,0,0.4136,0,0,12.4069,0,18.1969,3.9978,7.582,6.8927,0,0,0,0,0,0,0,0,0,0,0,0,0,0,0,0,0,0,0,0,2.2057,4.1356,0,2.7571,0,0.1379,0,0.5514,0,0,0,0,0,0.1379,0,0,0,0,0,0,0,0,0.5514,0,0,3686.9313,939.4817,258.0645,1094.0171,704.7146,88.365,113.4546,789.0819,0,1.3785,4.6871,0,0,2637.4414,0,0,0,0,0,0,0,0,0,0,0,0,0,0,0,0,0,0,0,0,0,0,0,0,0,0,0,0
128,HPV199,199,gamma,12,gammapapillomavirus_12,gamma_HPV199,3.3408,0,2.784,0,0,0,0,0,0,0,0,0,6.9599,2.088,0,0,22.9677,0.8352,0,0,0,0,0,22.4109,0,0,0,9.0479,0,0,0,0,0,0,0.1392,0,0,6.2639,0,0,0,0,0,0,0,0,0,0,0,0.2784,0,0,0,0,0,0,0,0,1.6704,0,0,0,0,0,0,0,0,0,0,0,0,0,0,0,0,0,0,0.2784,2.2272,1.1136,0,3.6192,3.0624,1.392,1.6704,11.5535,0,0,0,0.8352,0.8352,87.9733,0,0,0,0,0.8352,0,0,0,0,0,0,0,0,0,0,0,0,0,0,0,0,0,0,0,0,0,0,0,0,0,0,0,0,0
129,HPV200,200,gamma,2,gammapapillomavirus_2,gamma_HPV200,0.2815,0,0,0,0,0,0,0,0,142.7164,0,5.2076,0,25.0528,63.1949,5.7706,0,98.0999,0,18.297,0,104.152,16.045,0,219.4229,0,0,0,24.2083,0,0.4222,0,1.9704,7.3188,0,0.563,4.5039,0,5.0669,0,0,0,0,0,0,0,0,0,0,0,0,0,0,0,0,0,0,0,0,0,0,0,0,0,1.9704,0,0,0,0,0,0,0,0,0,0,0,0,0,0,0,0,0,0,0,72593.9479,2205.9113,474.3139,25667.4173,11756.0873,2251.6538,5085.9958,1388.8811,0.1407,0,0,0,0,811.1189,0,0,0,0,0,0,0,0,0,0,0,0,0,0,0,0,0,0,0,0,0,0,0,0,0,0,0,0
130,HPV201,201,gamma,27,gammapapillomavirus_27,gamma_HPV201,0,0,0,0,0,0,0,0,0,0,0,0,0,0,0,0,0.5513,0.2756,0,0,0,0,0,0,0,0,0,0,0,0,0,0,0,0,0,0,0,0,0,0,0,0,0,0,0,0,0,0,0,0,0,0,0,0,0,0,0,0,0,0,0,0,0,0,1.3782,0,0,0,1.9294,0,0,0,0,0,1.1025,0,0,0,0,0,0,0,0,0,0,0,0,0,0,0,0,0,0,0,0,0,0,0,0,0,0,0,0,0,0,0,0,0,0,0,0,0,0,0,0,0,0,0,0,0,0,0,0,0,0,0
131,HPV202,202,gamma,NA,gammapapillomavirus_NA,gamma_HPV202,0,0,0,0,0,0,0,0,0,0,0,0,0,0,0,0,0,0,0,0,0,2.451,0,0,0,0,0,0,0,0,0,0,0,0,0,0,0,0,0,0,0,0,0,0,0,0,0,0,0,0,0,0,0,0,0,0,0,0,0,0,1.3617,0,0,0,0,0,2.9956,0,0,0,0,0,0,0,0,0,0,0,0,0,0,0,0,0,0,0,0,0,0,0,0,0,0,0,0,0,0,0,0,0,0,0,0,0,0,0,0,0,0,0,0,0,0,0,0,0,0,0,0,0,0,0,0,0,0,0
132,HPV204,204,mu,NA,mupapillomavirus_NA,mu_HPV204,0,0,0,0,0,0,0,0,0,0,0,0.2781,0,0,0,0,0,0,0,0,0,0,0,0,0,0,0,0,0,0,0,0,0,0,0,0,0,0,0,0,0,0,0,0,0,0,2.225,0,0,0,0,0,0,0,0,0,0,0,0,0,0,0,0,0,1.3906,0,0,1.1125,0,0,0,0,0,0,0,0,0,0,0,0,0,0,0,0,0,0,0,0,0,0,0,0,0,0,0,0,0,0,0,0,0,0,0,0,0,0,0,0,0,0,0,0,0,0,0,0,0,0,0,0,2.7813,0,0.5563,0,0,0
133,HPV205,205,gamma,NA,gammapapillomavirus_NA,gamma_HPV205,0,0,0,0,0,0,0,0,0,0,0,0,0,0,0,0,0,0,0,0,0,0,0,0,0,0,0,0,0,0,0,0,0,0,0,0,0,0,0,0,0,0,0,0,0,0,0,0,0,0,0,0,0,0,0,0,0.5481,0,0.274,0,0,0,0,0,0,0,0,0,0,0,0,0,0,0,0,0,0,0,0,0,0,0,0,0,0,0,0,0,0,0,0,0,0,0,0,0,0,0,0,0,0,0,0,0,0,0,0,0,0,0,0,0,0,0,0,0,0,0,0,0,0,0,0,0,0,0